Currency;Opened UTC;Closed UTC;Bid Open;Bid High;Bid Low;Bid Close;Ask Open;Ask High;Ask Low;Ask Close;Ticks;Volume
EUR/USD;20.04.2021 02:00:00.000;20.04.2021 02:00:00.250;1,09994;1,10015;1,09994;1,10015;1,10000;1,10021;1,10000;1,10021;1;0
EUR/USD;20.04.2021 02:00:00.250;20.04.2021 02:00:00.500;1,10015;1,10036;1,10015;1,10036;1,10021;1,10042;1,10021;1,10042;1;0
EUR/USD;20.04.2021 02:00:00.500;20.04.2021 02:00:00.750;1,10036;1,10056;1,10036;1,10056;1,10042;1,10062;1,10042;1,10062;1;0
EUR/USD;20.04.2021 02:00:00.750;20.04.2021 02:00:01.000;1,10056;1,10077;1,10056;1,10077;1,10062;1,10083;1,10062;1,10083;1;0
EUR/USD;20.04.2021 02:00:01.000;20.04.2021 02:00:01.250;1,10077;1,10098;1,10077;1,10098;1,10083;1,10104;1,10083;1,10104;1;0
EUR/USD;20.04.2021 02:00:01.250;20.04.2021 02:00:01.500;1,10098;1,10119;1,10098;1,10119;1,10104;1,10125;1,10104;1,10125;1;0
EUR/USD;20.04.2021 02:00:01.500;20.04.2021 02:00:01.750;1,10119;1,10140;1,10119;1,10140;1,10125;1,10146;1,10125;1,10146;1;0
EUR/USD;20.04.2021 02:00:01.750;20.04.2021 02:00:02.000;1,10140;1,10161;1,10140;1,10161;1,10146;1,10167;1,10146;1,10167;1;0
EUR/USD;20.04.2021 02:00:02.000;20.04.2021 02:00:02.250;1,10161;1,10181;1,10161;1,10181;1,10167;1,10187;1,10167;1,10187;1;0
EUR/USD;20.04.2021 02:00:02.250;20.04.2021 02:00:02.500;1,10181;1,10202;1,10181;1,10202;1,10187;1,10208;1,10187;1,10208;1;0
EUR/USD;20.04.2021 02:00:02.500;20.04.2021 02:00:02.750;1,10202;1,10223;1,10202;1,10223;1,10208;1,10229;1,10208;1,10229;1;0
EUR/USD;20.04.2021 02:00:02.750;20.04.2021 02:00:03.000;1,10223;1,10244;1,10223;1,10244;1,10229;1,10250;1,10229;1,10250;1;0
EUR/USD;20.04.2021 02:00:03.000;20.04.2021 02:00:03.250;1,10244;1,10265;1,10244;1,10265;1,10250;1,10271;1,10250;1,10271;1;0
EUR/USD;20.04.2021 02:00:03.250;20.04.2021 02:00:03.500;1,10265;1,10286;1,10265;1,10286;1,10271;1,10292;1,10271;1,10292;1;0
EUR/USD;20.04.2021 02:00:03.500;20.04.2021 02:00:03.750;1,10286;1,10306;1,10286;1,10306;1,10292;1,10312;1,10292;1,10312;1;0
EUR/USD;20.04.2021 02:00:03.750;20.04.2021 02:00:04.000;1,10306;1,10327;1,10306;1,10327;1,10312;1,10333;1,10312;1,10333;1;0
EUR/USD;20.04.2021 02:00:04.000;20.04.2021 02:00:04.250;1,10327;1,10348;1,10327;1,10348;1,10333;1,10354;1,10333;1,10354;1;0
EUR/USD;20.04.2021 02:00:04.250;20.04.2021 02:00:04.500;1,10348;1,10369;1,10348;1,10369;1,10354;1,10375;1,10354;1,10375;1;0
EUR/USD;20.04.2021 02:00:04.500;20.04.2021 02:00:04.750;1,10369;1,10390;1,10369;1,10390;1,10375;1,10396;1,10375;1,10396;1;0
EUR/USD;20.04.2021 02:00:04.750;20.04.2021 02:00:05.000;1,10390;1,10411;1,10390;1,10411;1,10396;1,10417;1,10396;1,10417;1;0
EUR/USD;20.04.2021 02:00:05.000;20.04.2021 02:00:05.250;1,10411;1,10431;1,10411;1,10431;1,10417;1,10437;1,10417;1,10437;1;0
EUR/USD;20.04.2021 02:00:05.250;20.04.2021 02:00:05.500;1,10431;1,10452;1,10431;1,10452;1,10437;1,10458;1,10437;1,10458;1;0
EUR/USD;20.04.2021 02:00:05.500;20.04.2021 02:00:05.750;1,10452;1,10473;1,10452;1,10473;1,10458;1,10479;1,10458;1,10479;1;0
EUR/USD;20.04.2021 02:00:05.750;20.04.2021 02:00:06.000;1,10473;1,10494;1,10473;1,10494;1,10479;1,10500;1,10479;1,10500;1;0
EUR/USD;20.04.2021 02:00:06.000;20.04.2021 02:00:06.250;1,10494;1,10515;1,10494;1,10515;1,10500;1,10521;1,10500;1,10521;1;0
EUR/USD;20.04.2021 02:00:06.250;20.04.2021 02:00:06.500;1,10515;1,10536;1,10515;1,10536;1,10521;1,10542;1,10521;1,10542;1;0
EUR/USD;20.04.2021 02:00:06.500;20.04.2021 02:00:06.750;1,10536;1,10556;1,10536;1,10556;1,10542;1,10562;1,10542;1,10562;1;0
EUR/USD;20.04.2021 02:00:06.750;20.04.2021 02:00:07.000;1,10556;1,10577;1,10556;1,10577;1,10562;1,10583;1,10562;1,10583;1;0
EUR/USD;20.04.2021 02:00:07.000;20.04.2021 02:00:07.250;1,10577;1,10598;1,10577;1,10598;1,10583;1,10604;1,10583;1,10604;1;0
EUR/USD;20.04.2021 02:00:07.250;20.04.2021 02:00:07.500;1,10598;1,10619;1,10598;1,10619;1,10604;1,10625;1,10604;1,10625;1;0
EUR/USD;20.04.2021 02:00:07.500;20.04.2021 02:00:07.750;1,10619;1,10640;1,10619;1,10640;1,10625;1,10646;1,10625;1,10646;1;0
EUR/USD;20.04.2021 02:00:07.750;20.04.2021 02:00:08.000;1,10640;1,10661;1,10640;1,10661;1,10646;1,10667;1,10646;1,10667;1;0
EUR/USD;20.04.2021 02:00:08.000;20.04.2021 02:00:08.250;1,10661;1,10681;1,10661;1,10681;1,10667;1,10687;1,10667;1,10687;1;0
EUR/USD;20.04.2021 02:00:08.250;20.04.2021 02:00:08.500;1,10681;1,10702;1,10681;1,10702;1,10687;1,10708;1,10687;1,10708;1;0
EUR/USD;20.04.2021 02:00:08.500;20.04.2021 02:00:08.750;1,10702;1,10723;1,10702;1,10723;1,10708;1,10729;1,10708;1,10729;1;0
EUR/USD;20.04.2021 02:00:08.750;20.04.2021 02:00:09.000;1,10723;1,10744;1,10723;1,10744;1,10729;1,10750;1,10729;1,10750;1;0
EUR/USD;20.04.2021 02:00:09.000;20.04.2021 02:00:09.250;1,10744;1,10765;1,10744;1,10765;1,10750;1,10771;1,10750;1,10771;1;0
EUR/USD;20.04.2021 02:00:09.250;20.04.2021 02:00:09.500;1,10765;1,10786;1,10765;1,10786;1,10771;1,10792;1,10771;1,10792;1;0
EUR/USD;20.04.2021 02:00:09.500;20.04.2021 02:00:09.750;1,10786;1,10806;1,10786;1,10806;1,10792;1,10812;1,10792;1,10812;1;0
EUR/USD;20.04.2021 02:00:09.750;20.04.2021 02:00:10.000;1,10806;1,10827;1,10806;1,10827;1,10812;1,10833;1,10812;1,10833;1;0
EUR/USD;20.04.2021 02:00:10.000;20.04.2021 02:00:10.250;1,10827;1,10848;1,10827;1,10848;1,10833;1,10854;1,10833;1,10854;1;0
EUR/USD;20.04.2021 02:00:10.250;20.04.2021 02:00:10.500;1,10848;1,10869;1,10848;1,10869;1,10854;1,10875;1,10854;1,10875;1;0
EUR/USD;20.04.2021 02:00:10.500;20.04.2021 02:00:10.750;1,10869;1,10890;1,10869;1,10890;1,10875;1,10896;1,10875;1,10896;1;0
EUR/USD;20.04.2021 02:00:10.750;20.04.2021 02:00:11.000;1,10890;1,10911;1,10890;1,10911;1,10896;1,10917;1,10896;1,10917;1;0
EUR/USD;20.04.2021 02:00:11.000;20.04.2021 02:00:11.250;1,10911;1,10931;1,10911;1,10931;1,10917;1,10937;1,10917;1,10937;1;0
EUR/USD;20.04.2021 02:00:11.250;20.04.2021 02:00:11.500;1,10931;1,10952;1,10931;1,10952;1,10937;1,10958;1,10937;1,10958;1;0
EUR/USD;20.04.2021 02:00:11.500;20.04.2021 02:00:11.750;1,10952;1,10973;1,10952;1,10973;1,10958;1,10979;1,10958;1,10979;1;0
EUR/USD;20.04.2021 02:00:11.750;20.04.2021 02:00:12.000;1,10973;1,10994;1,10973;1,10994;1,10979;1,11000;1,10979;1,11000;1;0
EUR/USD;20.04.2021 02:00:12.000;20.04.2021 02:00:12.250;1,10994;1,11015;1,10994;1,11015;1,11000;1,11021;1,11000;1,11021;1;0
EUR/USD;20.04.2021 02:00:12.250;20.04.2021 02:00:12.500;1,11015;1,11036;1,11015;1,11036;1,11021;1,11042;1,11021;1,11042;1;0
EUR/USD;20.04.2021 02:00:12.500;20.04.2021 02:00:12.750;1,11036;1,11056;1,11036;1,11056;1,11042;1,11062;1,11042;1,11062;1;0
EUR/USD;20.04.2021 02:00:12.750;20.04.2021 02:00:13.000;1,11056;1,11077;1,11056;1,11077;1,11062;1,11083;1,11062;1,11083;1;0
EUR/USD;20.04.2021 02:00:13.000;20.04.2021 02:00:13.250;1,11077;1,11098;1,11077;1,11098;1,11083;1,11104;1,11083;1,11104;1;0
EUR/USD;20.04.2021 02:00:13.250;20.04.2021 02:00:13.500;1,11098;1,11119;1,11098;1,11119;1,11104;1,11125;1,11104;1,11125;1;0
EUR/USD;20.04.2021 02:00:13.500;20.04.2021 02:00:13.750;1,11119;1,11140;1,11119;1,11140;1,11125;1,11146;1,11125;1,11146;1;0
EUR/USD;20.04.2021 02:00:13.750;20.04.2021 02:00:14.000;1,11140;1,11161;1,11140;1,11161;1,11146;1,11167;1,11146;1,11167;1;0
EUR/USD;20.04.2021 02:00:14.000;20.04.2021 02:00:14.250;1,11161;1,11181;1,11161;1,11181;1,11167;1,11187;1,11167;1,11187;1;0
EUR/USD;20.04.2021 02:00:14.250;20.04.2021 02:00:14.500;1,11181;1,11202;1,11181;1,11202;1,11187;1,11208;1,11187;1,11208;1;0
EUR/USD;20.04.2021 02:00:14.500;20.04.2021 02:00:14.750;1,11202;1,11223;1,11202;1,11223;1,11208;1,11229;1,11208;1,11229;1;0
EUR/USD;20.04.2021 02:00:14.750;20.04.2021 02:00:15.000;1,11223;1,11244;1,11223;1,11244;1,11229;1,11250;1,11229;1,11250;1;0
EUR/USD;20.04.2021 02:00:15.000;20.04.2021 02:00:15.250;1,11244;1,11265;1,11244;1,11265;1,11250;1,11271;1,11250;1,11271;1;0
EUR/USD;20.04.2021 02:00:15.250;20.04.2021 02:00:15.500;1,11265;1,11286;1,11265;1,11286;1,11271;1,11292;1,11271;1,11292;1;0
EUR/USD;20.04.2021 02:00:15.500;20.04.2021 02:00:15.750;1,11286;1,11306;1,11286;1,11306;1,11292;1,11312;1,11292;1,11312;1;0
EUR/USD;20.04.2021 02:00:15.750;20.04.2021 02:00:16.000;1,11306;1,11327;1,11306;1,11327;1,11312;1,11333;1,11312;1,11333;1;0
EUR/USD;20.04.2021 02:00:16.000;20.04.2021 02:00:16.250;1,11327;1,11348;1,11327;1,11348;1,11333;1,11354;1,11333;1,11354;1;0
EUR/USD;20.04.2021 02:00:16.250;20.04.2021 02:00:16.500;1,11348;1,11369;1,11348;1,11369;1,11354;1,11375;1,11354;1,11375;1;0
EUR/USD;20.04.2021 02:00:16.500;20.04.2021 02:00:16.750;1,11369;1,11390;1,11369;1,11390;1,11375;1,11396;1,11375;1,11396;1;0
EUR/USD;20.04.2021 02:00:16.750;20.04.2021 02:00:17.000;1,11390;1,11411;1,11390;1,11411;1,11396;1,11417;1,11396;1,11417;1;0
EUR/USD;20.04.2021 02:00:17.000;20.04.2021 02:00:17.250;1,11411;1,11431;1,11411;1,11431;1,11417;1,11437;1,11417;1,11437;1;0
EUR/USD;20.04.2021 02:00:17.250;20.04.2021 02:00:17.500;1,11431;1,11452;1,11431;1,11452;1,11437;1,11458;1,11437;1,11458;1;0
EUR/USD;20.04.2021 02:00:17.500;20.04.2021 02:00:17.750;1,11452;1,11473;1,11452;1,11473;1,11458;1,11479;1,11458;1,11479;1;0
EUR/USD;20.04.2021 02:00:17.750;20.04.2021 02:00:18.000;1,11473;1,11494;1,11473;1,11494;1,11479;1,11500;1,11479;1,11500;1;0
EUR/USD;20.04.2021 02:00:18.000;20.04.2021 02:00:18.250;1,11494;1,11515;1,11494;1,11515;1,11500;1,11521;1,11500;1,11521;1;0
EUR/USD;20.04.2021 02:00:18.250;20.04.2021 02:00:18.500;1,11515;1,11536;1,11515;1,11536;1,11521;1,11542;1,11521;1,11542;1;0
EUR/USD;20.04.2021 02:00:18.500;20.04.2021 02:00:18.750;1,11536;1,11556;1,11536;1,11556;1,11542;1,11562;1,11542;1,11562;1;0
EUR/USD;20.04.2021 02:00:18.750;20.04.2021 02:00:19.000;1,11556;1,11577;1,11556;1,11577;1,11562;1,11583;1,11562;1,11583;1;0
EUR/USD;20.04.2021 02:00:19.000;20.04.2021 02:00:19.250;1,11577;1,11598;1,11577;1,11598;1,11583;1,11604;1,11583;1,11604;1;0
EUR/USD;20.04.2021 02:00:19.250;20.04.2021 02:00:19.500;1,11598;1,11619;1,11598;1,11619;1,11604;1,11625;1,11604;1,11625;1;0
EUR/USD;20.04.2021 02:00:19.500;20.04.2021 02:00:19.750;1,11619;1,11640;1,11619;1,11640;1,11625;1,11646;1,11625;1,11646;1;0
EUR/USD;20.04.2021 02:00:19.750;20.04.2021 02:00:20.000;1,11640;1,11661;1,11640;1,11661;1,11646;1,11667;1,11646;1,11667;1;0
EUR/USD;20.04.2021 02:00:20.000;20.04.2021 02:00:20.250;1,11661;1,11681;1,11661;1,11681;1,11667;1,11687;1,11667;1,11687;1;0
EUR/USD;20.04.2021 02:00:20.250;20.04.2021 02:00:20.500;1,11681;1,11702;1,11681;1,11702;1,11687;1,11708;1,11687;1,11708;1;0
EUR/USD;20.04.2021 02:00:20.500;20.04.2021 02:00:20.750;1,11702;1,11723;1,11702;1,11723;1,11708;1,11729;1,11708;1,11729;1;0
EUR/USD;20.04.2021 02:00:20.750;20.04.2021 02:00:21.000;1,11723;1,11744;1,11723;1,11744;1,11729;1,11750;1,11729;1,11750;1;0
EUR/USD;20.04.2021 02:00:21.000;20.04.2021 02:00:21.250;1,11744;1,11765;1,11744;1,11765;1,11750;1,11771;1,11750;1,11771;1;0
EUR/USD;20.04.2021 02:00:21.250;20.04.2021 02:00:21.500;1,11765;1,11786;1,11765;1,11786;1,11771;1,11792;1,11771;1,11792;1;0
EUR/USD;20.04.2021 02:00:21.500;20.04.2021 02:00:21.750;1,11786;1,11806;1,11786;1,11806;1,11792;1,11812;1,11792;1,11812;1;0
EUR/USD;20.04.2021 02:00:21.750;20.04.2021 02:00:22.000;1,11806;1,11827;1,11806;1,11827;1,11812;1,11833;1,11812;1,11833;1;0
EUR/USD;20.04.2021 02:00:22.000;20.04.2021 02:00:22.250;1,11827;1,11848;1,11827;1,11848;1,11833;1,11854;1,11833;1,11854;1;0
EUR/USD;20.04.2021 02:00:22.250;20.04.2021 02:00:22.500;1,11848;1,11869;1,11848;1,11869;1,11854;1,11875;1,11854;1,11875;1;0
EUR/USD;20.04.2021 02:00:22.500;20.04.2021 02:00:22.750;1,11869;1,11890;1,11869;1,11890;1,11875;1,11896;1,11875;1,11896;1;0
EUR/USD;20.04.2021 02:00:22.750;20.04.2021 02:00:23.000;1,11890;1,11911;1,11890;1,11911;1,11896;1,11917;1,11896;1,11917;1;0
EUR/USD;20.04.2021 02:00:23.000;20.04.2021 02:00:23.250;1,11911;1,11931;1,11911;1,11931;1,11917;1,11937;1,11917;1,11937;1;0
EUR/USD;20.04.2021 02:00:23.250;20.04.2021 02:00:23.500;1,11931;1,11952;1,11931;1,11952;1,11937;1,11958;1,11937;1,11958;1;0
EUR/USD;20.04.2021 02:00:23.500;20.04.2021 02:00:23.750;1,11952;1,11973;1,11952;1,11973;1,11958;1,11979;1,11958;1,11979;1;0
EUR/USD;20.04.2021 02:00:23.750;20.04.2021 02:00:24.000;1,11973;1,11994;1,11973;1,11994;1,11979;1,12000;1,11979;1,12000;1;0
EUR/USD;20.04.2021 02:00:24.000;20.04.2021 02:00:24.250;1,11994;1,12015;1,11994;1,12015;1,12000;1,12021;1,12000;1,12021;1;0
EUR/USD;20.04.2021 02:00:24.250;20.04.2021 02:00:24.500;1,12015;1,12036;1,12015;1,12036;1,12021;1,12042;1,12021;1,12042;1;0
EUR/USD;20.04.2021 02:00:24.500;20.04.2021 02:00:24.750;1,12036;1,12056;1,12036;1,12056;1,12042;1,12062;1,12042;1,12062;1;0
EUR/USD;20.04.2021 02:00:24.750;20.04.2021 02:00:25.000;1,12056;1,12077;1,12056;1,12077;1,12062;1,12083;1,12062;1,12083;1;0
EUR/USD;20.04.2021 02:00:25.000;20.04.2021 02:00:25.250;1,12077;1,12098;1,12077;1,12098;1,12083;1,12104;1,12083;1,12104;1;0
EUR/USD;20.04.2021 02:00:25.250;20.04.2021 02:00:25.500;1,12098;1,12119;1,12098;1,12119;1,12104;1,12125;1,12104;1,12125;1;0
EUR/USD;20.04.2021 02:00:25.500;20.04.2021 02:00:25.750;1,12119;1,12140;1,12119;1,12140;1,12125;1,12146;1,12125;1,12146;1;0
EUR/USD;20.04.2021 02:00:25.750;20.04.2021 02:00:26.000;1,12140;1,12161;1,12140;1,12161;1,12146;1,12167;1,12146;1,12167;1;0
EUR/USD;20.04.2021 02:00:26.000;20.04.2021 02:00:26.250;1,12161;1,12181;1,12161;1,12181;1,12167;1,12187;1,12167;1,12187;1;0
EUR/USD;20.04.2021 02:00:26.250;20.04.2021 02:00:26.500;1,12181;1,12202;1,12181;1,12202;1,12187;1,12208;1,12187;1,12208;1;0
EUR/USD;20.04.2021 02:00:26.500;20.04.2021 02:00:26.750;1,12202;1,12223;1,12202;1,12223;1,12208;1,12229;1,12208;1,12229;1;0
EUR/USD;20.04.2021 02:00:26.750;20.04.2021 02:00:27.000;1,12223;1,12244;1,12223;1,12244;1,12229;1,12250;1,12229;1,12250;1;0
EUR/USD;20.04.2021 02:00:27.000;20.04.2021 02:00:27.250;1,12244;1,12265;1,12244;1,12265;1,12250;1,12271;1,12250;1,12271;1;0
EUR/USD;20.04.2021 02:00:27.250;20.04.2021 02:00:27.500;1,12265;1,12286;1,12265;1,12286;1,12271;1,12292;1,12271;1,12292;1;0
EUR/USD;20.04.2021 02:00:27.500;20.04.2021 02:00:27.750;1,12286;1,12306;1,12286;1,12306;1,12292;1,12312;1,12292;1,12312;1;0
EUR/USD;20.04.2021 02:00:27.750;20.04.2021 02:00:28.000;1,12306;1,12327;1,12306;1,12327;1,12312;1,12333;1,12312;1,12333;1;0
EUR/USD;20.04.2021 02:00:28.000;20.04.2021 02:00:28.250;1,12327;1,12348;1,12327;1,12348;1,12333;1,12354;1,12333;1,12354;1;0
EUR/USD;20.04.2021 02:00:28.250;20.04.2021 02:00:28.500;1,12348;1,12369;1,12348;1,12369;1,12354;1,12375;1,12354;1,12375;1;0
EUR/USD;20.04.2021 02:00:28.500;20.04.2021 02:00:28.750;1,12369;1,12390;1,12369;1,12390;1,12375;1,12396;1,12375;1,12396;1;0
EUR/USD;20.04.2021 02:00:28.750;20.04.2021 02:00:29.000;1,12390;1,12411;1,12390;1,12411;1,12396;1,12417;1,12396;1,12417;1;0
EUR/USD;20.04.2021 02:00:29.000;20.04.2021 02:00:29.250;1,12411;1,12431;1,12411;1,12431;1,12417;1,12437;1,12417;1,12437;1;0
EUR/USD;20.04.2021 02:00:29.250;20.04.2021 02:00:29.500;1,12431;1,12452;1,12431;1,12452;1,12437;1,12458;1,12437;1,12458;1;0
EUR/USD;20.04.2021 02:00:29.500;20.04.2021 02:00:29.750;1,12452;1,12473;1,12452;1,12473;1,12458;1,12479;1,12458;1,12479;1;0
EUR/USD;20.04.2021 02:00:29.750;20.04.2021 02:00:30.000;1,12473;1,12494;1,12473;1,12494;1,12479;1,12500;1,12479;1,12500;1;0
EUR/USD;20.04.2021 02:00:30.000;20.04.2021 02:00:30.250;1,12494;1,12515;1,12494;1,12515;1,12500;1,12521;1,12500;1,12521;1;0
EUR/USD;20.04.2021 02:00:30.250;20.04.2021 02:00:30.500;1,12515;1,12536;1,12515;1,12536;1,12521;1,12542;1,12521;1,12542;1;0
EUR/USD;20.04.2021 02:00:30.500;20.04.2021 02:00:30.750;1,12536;1,12556;1,12536;1,12556;1,12542;1,12562;1,12542;1,12562;1;0
EUR/USD;20.04.2021 02:00:30.750;20.04.2021 02:00:31.000;1,12556;1,12577;1,12556;1,12577;1,12562;1,12583;1,12562;1,12583;1;0
EUR/USD;20.04.2021 02:00:31.000;20.04.2021 02:00:31.250;1,12577;1,12598;1,12577;1,12598;1,12583;1,12604;1,12583;1,12604;1;0
EUR/USD;20.04.2021 02:00:31.250;20.04.2021 02:00:31.500;1,12598;1,12619;1,12598;1,12619;1,12604;1,12625;1,12604;1,12625;1;0
EUR/USD;20.04.2021 02:00:31.500;20.04.2021 02:00:31.750;1,12619;1,12640;1,12619;1,12640;1,12625;1,12646;1,12625;1,12646;1;0
EUR/USD;20.04.2021 02:00:31.750;20.04.2021 02:00:32.000;1,12640;1,12661;1,12640;1,12661;1,12646;1,12667;1,12646;1,12667;1;0
EUR/USD;20.04.2021 02:00:32.000;20.04.2021 02:00:32.250;1,12661;1,12681;1,12661;1,12681;1,12667;1,12687;1,12667;1,12687;1;0
EUR/USD;20.04.2021 02:00:32.250;20.04.2021 02:00:32.500;1,12681;1,12702;1,12681;1,12702;1,12687;1,12708;1,12687;1,12708;1;0
EUR/USD;20.04.2021 02:00:32.500;20.04.2021 02:00:32.750;1,12702;1,12723;1,12702;1,12723;1,12708;1,12729;1,12708;1,12729;1;0
EUR/USD;20.04.2021 02:00:32.750;20.04.2021 02:00:33.000;1,12723;1,12744;1,12723;1,12744;1,12729;1,12750;1,12729;1,12750;1;0
EUR/USD;20.04.2021 02:00:33.000;20.04.2021 02:00:33.250;1,12744;1,12765;1,12744;1,12765;1,12750;1,12771;1,12750;1,12771;1;0
EUR/USD;20.04.2021 02:00:33.250;20.04.2021 02:00:33.500;1,12765;1,12786;1,12765;1,12786;1,12771;1,12792;1,12771;1,12792;1;0
EUR/USD;20.04.2021 02:00:33.500;20.04.2021 02:00:33.750;1,12786;1,12806;1,12786;1,12806;1,12792;1,12812;1,12792;1,12812;1;0
EUR/USD;20.04.2021 02:00:33.750;20.04.2021 02:00:34.000;1,12806;1,12827;1,12806;1,12827;1,12812;1,12833;1,12812;1,12833;1;0
EUR/USD;20.04.2021 02:00:34.000;20.04.2021 02:00:34.250;1,12827;1,12848;1,12827;1,12848;1,12833;1,12854;1,12833;1,12854;1;0
EUR/USD;20.04.2021 02:00:34.250;20.04.2021 02:00:34.500;1,12848;1,12869;1,12848;1,12869;1,12854;1,12875;1,12854;1,12875;1;0
EUR/USD;20.04.2021 02:00:34.500;20.04.2021 02:00:34.750;1,12869;1,12890;1,12869;1,12890;1,12875;1,12896;1,12875;1,12896;1;0
EUR/USD;20.04.2021 02:00:34.750;20.04.2021 02:00:35.000;1,12890;1,12911;1,12890;1,12911;1,12896;1,12917;1,12896;1,12917;1;0
EUR/USD;20.04.2021 02:00:35.000;20.04.2021 02:00:35.250;1,12911;1,12931;1,12911;1,12931;1,12917;1,12937;1,12917;1,12937;1;0
EUR/USD;20.04.2021 02:00:35.250;20.04.2021 02:00:35.500;1,12931;1,12952;1,12931;1,12952;1,12937;1,12958;1,12937;1,12958;1;0
EUR/USD;20.04.2021 02:00:35.500;20.04.2021 02:00:35.750;1,12952;1,12973;1,12952;1,12973;1,12958;1,12979;1,12958;1,12979;1;0
EUR/USD;20.04.2021 02:00:35.750;20.04.2021 02:00:36.000;1,12973;1,12994;1,12973;1,12994;1,12979;1,13000;1,12979;1,13000;1;0
EUR/USD;20.04.2021 02:00:36.000;20.04.2021 02:00:36.250;1,12994;1,13015;1,12994;1,13015;1,13000;1,13021;1,13000;1,13021;1;0
EUR/USD;20.04.2021 02:00:36.250;20.04.2021 02:00:36.500;1,13015;1,13036;1,13015;1,13036;1,13021;1,13042;1,13021;1,13042;1;0
EUR/USD;20.04.2021 02:00:36.500;20.04.2021 02:00:36.750;1,13036;1,13056;1,13036;1,13056;1,13042;1,13062;1,13042;1,13062;1;0
EUR/USD;20.04.2021 02:00:36.750;20.04.2021 02:00:37.000;1,13056;1,13077;1,13056;1,13077;1,13062;1,13083;1,13062;1,13083;1;0
EUR/USD;20.04.2021 02:00:37.000;20.04.2021 02:00:37.250;1,13077;1,13098;1,13077;1,13098;1,13083;1,13104;1,13083;1,13104;1;0
EUR/USD;20.04.2021 02:00:37.250;20.04.2021 02:00:37.500;1,13098;1,13119;1,13098;1,13119;1,13104;1,13125;1,13104;1,13125;1;0
EUR/USD;20.04.2021 02:00:37.500;20.04.2021 02:00:37.750;1,13119;1,13140;1,13119;1,13140;1,13125;1,13146;1,13125;1,13146;1;0
EUR/USD;20.04.2021 02:00:37.750;20.04.2021 02:00:38.000;1,13140;1,13161;1,13140;1,13161;1,13146;1,13167;1,13146;1,13167;1;0
EUR/USD;20.04.2021 02:00:38.000;20.04.2021 02:00:38.250;1,13161;1,13181;1,13161;1,13181;1,13167;1,13187;1,13167;1,13187;1;0
EUR/USD;20.04.2021 02:00:38.250;20.04.2021 02:00:38.500;1,13181;1,13202;1,13181;1,13202;1,13187;1,13208;1,13187;1,13208;1;0
EUR/USD;20.04.2021 02:00:38.500;20.04.2021 02:00:38.750;1,13202;1,13223;1,13202;1,13223;1,13208;1,13229;1,13208;1,13229;1;0
EUR/USD;20.04.2021 02:00:38.750;20.04.2021 02:00:39.000;1,13223;1,13244;1,13223;1,13244;1,13229;1,13250;1,13229;1,13250;1;0
EUR/USD;20.04.2021 02:00:39.000;20.04.2021 02:00:39.250;1,13244;1,13265;1,13244;1,13265;1,13250;1,13271;1,13250;1,13271;1;0
EUR/USD;20.04.2021 02:00:39.250;20.04.2021 02:00:39.500;1,13265;1,13286;1,13265;1,13286;1,13271;1,13292;1,13271;1,13292;1;0
EUR/USD;20.04.2021 02:00:39.500;20.04.2021 02:00:39.750;1,13286;1,13306;1,13286;1,13306;1,13292;1,13312;1,13292;1,13312;1;0
EUR/USD;20.04.2021 02:00:39.750;20.04.2021 02:00:40.000;1,13306;1,13327;1,13306;1,13327;1,13312;1,13333;1,13312;1,13333;1;0
EUR/USD;20.04.2021 02:00:40.000;20.04.2021 02:00:40.250;1,13327;1,13348;1,13327;1,13348;1,13333;1,13354;1,13333;1,13354;1;0
EUR/USD;20.04.2021 02:00:40.250;20.04.2021 02:00:40.500;1,13348;1,13369;1,13348;1,13369;1,13354;1,13375;1,13354;1,13375;1;0
EUR/USD;20.04.2021 02:00:40.500;20.04.2021 02:00:40.750;1,13369;1,13390;1,13369;1,13390;1,13375;1,13396;1,13375;1,13396;1;0
EUR/USD;20.04.2021 02:00:40.750;20.04.2021 02:00:41.000;1,13390;1,13411;1,13390;1,13411;1,13396;1,13417;1,13396;1,13417;1;0
EUR/USD;20.04.2021 02:00:41.000;20.04.2021 02:00:41.250;1,13411;1,13431;1,13411;1,13431;1,13417;1,13437;1,13417;1,13437;1;0
EUR/USD;20.04.2021 02:00:41.250;20.04.2021 02:00:41.500;1,13431;1,13452;1,13431;1,13452;1,13437;1,13458;1,13437;1,13458;1;0
EUR/USD;20.04.2021 02:00:41.500;20.04.2021 02:00:41.750;1,13452;1,13473;1,13452;1,13473;1,13458;1,13479;1,13458;1,13479;1;0
EUR/USD;20.04.2021 02:00:41.750;20.04.2021 02:00:42.000;1,13473;1,13494;1,13473;1,13494;1,13479;1,13500;1,13479;1,13500;1;0
EUR/USD;20.04.2021 02:00:42.000;20.04.2021 02:00:42.250;1,13494;1,13515;1,13494;1,13515;1,13500;1,13521;1,13500;1,13521;1;0
EUR/USD;20.04.2021 02:00:42.250;20.04.2021 02:00:42.500;1,13515;1,13536;1,13515;1,13536;1,13521;1,13542;1,13521;1,13542;1;0
EUR/USD;20.04.2021 02:00:42.500;20.04.2021 02:00:42.750;1,13536;1,13556;1,13536;1,13556;1,13542;1,13562;1,13542;1,13562;1;0
EUR/USD;20.04.2021 02:00:42.750;20.04.2021 02:00:43.000;1,13556;1,13577;1,13556;1,13577;1,13562;1,13583;1,13562;1,13583;1;0
EUR/USD;20.04.2021 02:00:43.000;20.04.2021 02:00:43.250;1,13577;1,13598;1,13577;1,13598;1,13583;1,13604;1,13583;1,13604;1;0
EUR/USD;20.04.2021 02:00:43.250;20.04.2021 02:00:43.500;1,13598;1,13619;1,13598;1,13619;1,13604;1,13625;1,13604;1,13625;1;0
EUR/USD;20.04.2021 02:00:43.500;20.04.2021 02:00:43.750;1,13619;1,13640;1,13619;1,13640;1,13625;1,13646;1,13625;1,13646;1;0
EUR/USD;20.04.2021 02:00:43.750;20.04.2021 02:00:44.000;1,13640;1,13661;1,13640;1,13661;1,13646;1,13667;1,13646;1,13667;1;0
EUR/USD;20.04.2021 02:00:44.000;20.04.2021 02:00:44.250;1,13661;1,13681;1,13661;1,13681;1,13667;1,13687;1,13667;1,13687;1;0
EUR/USD;20.04.2021 02:00:44.250;20.04.2021 02:00:44.500;1,13681;1,13702;1,13681;1,13702;1,13687;1,13708;1,13687;1,13708;1;0
EUR/USD;20.04.2021 02:00:44.500;20.04.2021 02:00:44.750;1,13702;1,13723;1,13702;1,13723;1,13708;1,13729;1,13708;1,13729;1;0
EUR/USD;20.04.2021 02:00:44.750;20.04.2021 02:00:45.000;1,13723;1,13744;1,13723;1,13744;1,13729;1,13750;1,13729;1,13750;1;0
EUR/USD;20.04.2021 02:00:45.000;20.04.2021 02:00:45.250;1,13744;1,13765;1,13744;1,13765;1,13750;1,13771;1,13750;1,13771;1;0
EUR/USD;20.04.2021 02:00:45.250;20.04.2021 02:00:45.500;1,13765;1,13786;1,13765;1,13786;1,13771;1,13792;1,13771;1,13792;1;0
EUR/USD;20.04.2021 02:00:45.500;20.04.2021 02:00:45.750;1,13786;1,13806;1,13786;1,13806;1,13792;1,13812;1,13792;1,13812;1;0
EUR/USD;20.04.2021 02:00:45.750;20.04.2021 02:00:46.000;1,13806;1,13827;1,13806;1,13827;1,13812;1,13833;1,13812;1,13833;1;0
EUR/USD;20.04.2021 02:00:46.000;20.04.2021 02:00:46.250;1,13827;1,13848;1,13827;1,13848;1,13833;1,13854;1,13833;1,13854;1;0
EUR/USD;20.04.2021 02:00:46.250;20.04.2021 02:00:46.500;1,13848;1,13869;1,13848;1,13869;1,13854;1,13875;1,13854;1,13875;1;0
EUR/USD;20.04.2021 02:00:46.500;20.04.2021 02:00:46.750;1,13869;1,13890;1,13869;1,13890;1,13875;1,13896;1,13875;1,13896;1;0
EUR/USD;20.04.2021 02:00:46.750;20.04.2021 02:00:47.000;1,13890;1,13911;1,13890;1,13911;1,13896;1,13917;1,13896;1,13917;1;0
EUR/USD;20.04.2021 02:00:47.000;20.04.2021 02:00:47.250;1,13911;1,13931;1,13911;1,13931;1,13917;1,13937;1,13917;1,13937;1;0
EUR/USD;20.04.2021 02:00:47.250;20.04.2021 02:00:47.500;1,13931;1,13952;1,13931;1,13952;1,13937;1,13958;1,13937;1,13958;1;0
EUR/USD;20.04.2021 02:00:47.500;20.04.2021 02:00:47.750;1,13952;1,13973;1,13952;1,13973;1,13958;1,13979;1,13958;1,13979;1;0
EUR/USD;20.04.2021 02:00:47.750;20.04.2021 02:00:48.000;1,13973;1,13994;1,13973;1,13994;1,13979;1,14000;1,13979;1,14000;1;0
EUR/USD;20.04.2021 02:00:48.000;20.04.2021 02:00:48.250;1,13994;1,14015;1,13994;1,14015;1,14000;1,14021;1,14000;1,14021;1;0
EUR/USD;20.04.2021 02:00:48.250;20.04.2021 02:00:48.500;1,14015;1,14036;1,14015;1,14036;1,14021;1,14042;1,14021;1,14042;1;0
EUR/USD;20.04.2021 02:00:48.500;20.04.2021 02:00:48.750;1,14036;1,14056;1,14036;1,14056;1,14042;1,14062;1,14042;1,14062;1;0
EUR/USD;20.04.2021 02:00:48.750;20.04.2021 02:00:49.000;1,14056;1,14077;1,14056;1,14077;1,14062;1,14083;1,14062;1,14083;1;0
EUR/USD;20.04.2021 02:00:49.000;20.04.2021 02:00:49.250;1,14077;1,14098;1,14077;1,14098;1,14083;1,14104;1,14083;1,14104;1;0
EUR/USD;20.04.2021 02:00:49.250;20.04.2021 02:00:49.500;1,14098;1,14119;1,14098;1,14119;1,14104;1,14125;1,14104;1,14125;1;0
EUR/USD;20.04.2021 02:00:49.500;20.04.2021 02:00:49.750;1,14119;1,14140;1,14119;1,14140;1,14125;1,14146;1,14125;1,14146;1;0
EUR/USD;20.04.2021 02:00:49.750;20.04.2021 02:00:50.000;1,14140;1,14161;1,14140;1,14161;1,14146;1,14167;1,14146;1,14167;1;0
EUR/USD;20.04.2021 02:00:50.000;20.04.2021 02:00:50.250;1,14161;1,14181;1,14161;1,14181;1,14167;1,14187;1,14167;1,14187;1;0
EUR/USD;20.04.2021 02:00:50.250;20.04.2021 02:00:50.500;1,14181;1,14202;1,14181;1,14202;1,14187;1,14208;1,14187;1,14208;1;0
EUR/USD;20.04.2021 02:00:50.500;20.04.2021 02:00:50.750;1,14202;1,14223;1,14202;1,14223;1,14208;1,14229;1,14208;1,14229;1;0
EUR/USD;20.04.2021 02:00:50.750;20.04.2021 02:00:51.000;1,14223;1,14244;1,14223;1,14244;1,14229;1,14250;1,14229;1,14250;1;0
EUR/USD;20.04.2021 02:00:51.000;20.04.2021 02:00:51.250;1,14244;1,14265;1,14244;1,14265;1,14250;1,14271;1,14250;1,14271;1;0
EUR/USD;20.04.2021 02:00:51.250;20.04.2021 02:00:51.500;1,14265;1,14286;1,14265;1,14286;1,14271;1,14292;1,14271;1,14292;1;0
EUR/USD;20.04.2021 02:00:51.500;20.04.2021 02:00:51.750;1,14286;1,14306;1,14286;1,14306;1,14292;1,14312;1,14292;1,14312;1;0
EUR/USD;20.04.2021 02:00:51.750;20.04.2021 02:00:52.000;1,14306;1,14327;1,14306;1,14327;1,14312;1,14333;1,14312;1,14333;1;0
EUR/USD;20.04.2021 02:00:52.000;20.04.2021 02:00:52.250;1,14327;1,14348;1,14327;1,14348;1,14333;1,14354;1,14333;1,14354;1;0
EUR/USD;20.04.2021 02:00:52.250;20.04.2021 02:00:52.500;1,14348;1,14369;1,14348;1,14369;1,14354;1,14375;1,14354;1,14375;1;0
EUR/USD;20.04.2021 02:00:52.500;20.04.2021 02:00:52.750;1,14369;1,14390;1,14369;1,14390;1,14375;1,14396;1,14375;1,14396;1;0
EUR/USD;20.04.2021 02:00:52.750;20.04.2021 02:00:53.000;1,14390;1,14411;1,14390;1,14411;1,14396;1,14417;1,14396;1,14417;1;0
EUR/USD;20.04.2021 02:00:53.000;20.04.2021 02:00:53.250;1,14411;1,14431;1,14411;1,14431;1,14417;1,14437;1,14417;1,14437;1;0
EUR/USD;20.04.2021 02:00:53.250;20.04.2021 02:00:53.500;1,14431;1,14452;1,14431;1,14452;1,14437;1,14458;1,14437;1,14458;1;0
EUR/USD;20.04.2021 02:00:53.500;20.04.2021 02:00:53.750;1,14452;1,14473;1,14452;1,14473;1,14458;1,14479;1,14458;1,14479;1;0
EUR/USD;20.04.2021 02:00:53.750;20.04.2021 02:00:54.000;1,14473;1,14494;1,14473;1,14494;1,14479;1,14500;1,14479;1,14500;1;0
EUR/USD;20.04.2021 02:00:54.000;20.04.2021 02:00:54.250;1,14494;1,14515;1,14494;1,14515;1,14500;1,14521;1,14500;1,14521;1;0
EUR/USD;20.04.2021 02:00:54.250;20.04.2021 02:00:54.500;1,14515;1,14536;1,14515;1,14536;1,14521;1,14542;1,14521;1,14542;1;0
EUR/USD;20.04.2021 02:00:54.500;20.04.2021 02:00:54.750;1,14536;1,14556;1,14536;1,14556;1,14542;1,14562;1,14542;1,14562;1;0
EUR/USD;20.04.2021 02:00:54.750;20.04.2021 02:00:55.000;1,14556;1,14577;1,14556;1,14577;1,14562;1,14583;1,14562;1,14583;1;0
EUR/USD;20.04.2021 02:00:55.000;20.04.2021 02:00:55.250;1,14577;1,14598;1,14577;1,14598;1,14583;1,14604;1,14583;1,14604;1;0
EUR/USD;20.04.2021 02:00:55.250;20.04.2021 02:00:55.500;1,14598;1,14619;1,14598;1,14619;1,14604;1,14625;1,14604;1,14625;1;0
EUR/USD;20.04.2021 02:00:55.500;20.04.2021 02:00:55.750;1,14619;1,14640;1,14619;1,14640;1,14625;1,14646;1,14625;1,14646;1;0
EUR/USD;20.04.2021 02:00:55.750;20.04.2021 02:00:56.000;1,14640;1,14661;1,14640;1,14661;1,14646;1,14667;1,14646;1,14667;1;0
EUR/USD;20.04.2021 02:00:56.000;20.04.2021 02:00:56.250;1,14661;1,14681;1,14661;1,14681;1,14667;1,14687;1,14667;1,14687;1;0
EUR/USD;20.04.2021 02:00:56.250;20.04.2021 02:00:56.500;1,14681;1,14702;1,14681;1,14702;1,14687;1,14708;1,14687;1,14708;1;0
EUR/USD;20.04.2021 02:00:56.500;20.04.2021 02:00:56.750;1,14702;1,14723;1,14702;1,14723;1,14708;1,14729;1,14708;1,14729;1;0
EUR/USD;20.04.2021 02:00:56.750;20.04.2021 02:00:57.000;1,14723;1,14744;1,14723;1,14744;1,14729;1,14750;1,14729;1,14750;1;0
EUR/USD;20.04.2021 02:00:57.000;20.04.2021 02:00:57.250;1,14744;1,14765;1,14744;1,14765;1,14750;1,14771;1,14750;1,14771;1;0
EUR/USD;20.04.2021 02:00:57.250;20.04.2021 02:00:57.500;1,14765;1,14786;1,14765;1,14786;1,14771;1,14792;1,14771;1,14792;1;0
EUR/USD;20.04.2021 02:00:57.500;20.04.2021 02:00:57.750;1,14786;1,14806;1,14786;1,14806;1,14792;1,14812;1,14792;1,14812;1;0
EUR/USD;20.04.2021 02:00:57.750;20.04.2021 02:00:58.000;1,14806;1,14827;1,14806;1,14827;1,14812;1,14833;1,14812;1,14833;1;0
EUR/USD;20.04.2021 02:00:58.000;20.04.2021 02:00:58.250;1,14827;1,14848;1,14827;1,14848;1,14833;1,14854;1,14833;1,14854;1;0
EUR/USD;20.04.2021 02:00:58.250;20.04.2021 02:00:58.500;1,14848;1,14869;1,14848;1,14869;1,14854;1,14875;1,14854;1,14875;1;0
EUR/USD;20.04.2021 02:00:58.500;20.04.2021 02:00:58.750;1,14869;1,14890;1,14869;1,14890;1,14875;1,14896;1,14875;1,14896;1;0
EUR/USD;20.04.2021 02:00:58.750;20.04.2021 02:00:59.000;1,14890;1,14911;1,14890;1,14911;1,14896;1,14917;1,14896;1,14917;1;0
EUR/USD;20.04.2021 02:00:59.000;20.04.2021 02:00:59.250;1,14911;1,14931;1,14911;1,14931;1,14917;1,14937;1,14917;1,14937;1;0
EUR/USD;20.04.2021 02:00:59.250;20.04.2021 02:00:59.500;1,14931;1,14952;1,14931;1,14952;1,14937;1,14958;1,14937;1,14958;1;0
EUR/USD;20.04.2021 02:00:59.500;20.04.2021 02:00:59.750;1,14952;1,14973;1,14952;1,14973;1,14958;1,14979;1,14958;1,14979;1;0
EUR/USD;20.04.2021 02:00:59.750;20.04.2021 02:01:00.000;1,14973;1,14994;1,14973;1,14994;1,14979;1,15000;1,14979;1,15000;1;0
EUR/USD;20.04.2021 02:01:00.000;20.04.2021 02:01:00.250;1,14994;1,15015;1,14994;1,15015;1,15000;1,15021;1,15000;1,15021;1;0
EUR/USD;20.04.2021 02:01:00.250;20.04.2021 02:01:00.500;1,15015;1,15036;1,15015;1,15036;1,15021;1,15042;1,15021;1,15042;1;0
EUR/USD;20.04.2021 02:01:00.500;20.04.2021 02:01:00.750;1,15036;1,15056;1,15036;1,15056;1,15042;1,15062;1,15042;1,15062;1;0
EUR/USD;20.04.2021 02:01:00.750;20.04.2021 02:01:01.000;1,15056;1,15077;1,15056;1,15077;1,15062;1,15083;1,15062;1,15083;1;0
EUR/USD;20.04.2021 02:01:01.000;20.04.2021 02:01:01.250;1,15077;1,15098;1,15077;1,15098;1,15083;1,15104;1,15083;1,15104;1;0
EUR/USD;20.04.2021 02:01:01.250;20.04.2021 02:01:01.500;1,15098;1,15119;1,15098;1,15119;1,15104;1,15125;1,15104;1,15125;1;0
EUR/USD;20.04.2021 02:01:01.500;20.04.2021 02:01:01.750;1,15119;1,15140;1,15119;1,15140;1,15125;1,15146;1,15125;1,15146;1;0
EUR/USD;20.04.2021 02:01:01.750;20.04.2021 02:01:02.000;1,15140;1,15161;1,15140;1,15161;1,15146;1,15167;1,15146;1,15167;1;0
EUR/USD;20.04.2021 02:01:02.000;20.04.2021 02:01:02.250;1,15161;1,15181;1,15161;1,15181;1,15167;1,15187;1,15167;1,15187;1;0
EUR/USD;20.04.2021 02:01:02.250;20.04.2021 02:01:02.500;1,15181;1,15202;1,15181;1,15202;1,15187;1,15208;1,15187;1,15208;1;0
EUR/USD;20.04.2021 02:01:02.500;20.04.2021 02:01:02.750;1,15202;1,15223;1,15202;1,15223;1,15208;1,15229;1,15208;1,15229;1;0
EUR/USD;20.04.2021 02:01:02.750;20.04.2021 02:01:03.000;1,15223;1,15244;1,15223;1,15244;1,15229;1,15250;1,15229;1,15250;1;0
EUR/USD;20.04.2021 02:01:03.000;20.04.2021 02:01:03.250;1,15244;1,15265;1,15244;1,15265;1,15250;1,15271;1,15250;1,15271;1;0
EUR/USD;20.04.2021 02:01:03.250;20.04.2021 02:01:03.500;1,15265;1,15286;1,15265;1,15286;1,15271;1,15292;1,15271;1,15292;1;0
EUR/USD;20.04.2021 02:01:03.500;20.04.2021 02:01:03.750;1,15286;1,15306;1,15286;1,15306;1,15292;1,15312;1,15292;1,15312;1;0
EUR/USD;20.04.2021 02:01:03.750;20.04.2021 02:01:04.000;1,15306;1,15327;1,15306;1,15327;1,15312;1,15333;1,15312;1,15333;1;0
EUR/USD;20.04.2021 02:01:04.000;20.04.2021 02:01:04.250;1,15327;1,15348;1,15327;1,15348;1,15333;1,15354;1,15333;1,15354;1;0
EUR/USD;20.04.2021 02:01:04.250;20.04.2021 02:01:04.500;1,15348;1,15369;1,15348;1,15369;1,15354;1,15375;1,15354;1,15375;1;0
EUR/USD;20.04.2021 02:01:04.500;20.04.2021 02:01:04.750;1,15369;1,15390;1,15369;1,15390;1,15375;1,15396;1,15375;1,15396;1;0
EUR/USD;20.04.2021 02:01:04.750;20.04.2021 02:01:05.000;1,15390;1,15411;1,15390;1,15411;1,15396;1,15417;1,15396;1,15417;1;0
EUR/USD;20.04.2021 02:01:05.000;20.04.2021 02:01:05.250;1,15411;1,15431;1,15411;1,15431;1,15417;1,15437;1,15417;1,15437;1;0
EUR/USD;20.04.2021 02:01:05.250;20.04.2021 02:01:05.500;1,15431;1,15452;1,15431;1,15452;1,15437;1,15458;1,15437;1,15458;1;0
EUR/USD;20.04.2021 02:01:05.500;20.04.2021 02:01:05.750;1,15452;1,15473;1,15452;1,15473;1,15458;1,15479;1,15458;1,15479;1;0
EUR/USD;20.04.2021 02:01:05.750;20.04.2021 02:01:06.000;1,15473;1,15494;1,15473;1,15494;1,15479;1,15500;1,15479;1,15500;1;0
EUR/USD;20.04.2021 02:01:06.000;20.04.2021 02:01:06.250;1,15494;1,15515;1,15494;1,15515;1,15500;1,15521;1,15500;1,15521;1;0
EUR/USD;20.04.2021 02:01:06.250;20.04.2021 02:01:06.500;1,15515;1,15536;1,15515;1,15536;1,15521;1,15542;1,15521;1,15542;1;0
EUR/USD;20.04.2021 02:01:06.500;20.04.2021 02:01:06.750;1,15536;1,15556;1,15536;1,15556;1,15542;1,15562;1,15542;1,15562;1;0
EUR/USD;20.04.2021 02:01:06.750;20.04.2021 02:01:07.000;1,15556;1,15577;1,15556;1,15577;1,15562;1,15583;1,15562;1,15583;1;0
EUR/USD;20.04.2021 02:01:07.000;20.04.2021 02:01:07.250;1,15577;1,15598;1,15577;1,15598;1,15583;1,15604;1,15583;1,15604;1;0
EUR/USD;20.04.2021 02:01:07.250;20.04.2021 02:01:07.500;1,15598;1,15619;1,15598;1,15619;1,15604;1,15625;1,15604;1,15625;1;0
EUR/USD;20.04.2021 02:01:07.500;20.04.2021 02:01:07.750;1,15619;1,15640;1,15619;1,15640;1,15625;1,15646;1,15625;1,15646;1;0
EUR/USD;20.04.2021 02:01:07.750;20.04.2021 02:01:08.000;1,15640;1,15661;1,15640;1,15661;1,15646;1,15667;1,15646;1,15667;1;0
EUR/USD;20.04.2021 02:01:08.000;20.04.2021 02:01:08.250;1,15661;1,15681;1,15661;1,15681;1,15667;1,15687;1,15667;1,15687;1;0
EUR/USD;20.04.2021 02:01:08.250;20.04.2021 02:01:08.500;1,15681;1,15702;1,15681;1,15702;1,15687;1,15708;1,15687;1,15708;1;0
EUR/USD;20.04.2021 02:01:08.500;20.04.2021 02:01:08.750;1,15702;1,15723;1,15702;1,15723;1,15708;1,15729;1,15708;1,15729;1;0
EUR/USD;20.04.2021 02:01:08.750;20.04.2021 02:01:09.000;1,15723;1,15744;1,15723;1,15744;1,15729;1,15750;1,15729;1,15750;1;0
EUR/USD;20.04.2021 02:01:09.000;20.04.2021 02:01:09.250;1,15744;1,15765;1,15744;1,15765;1,15750;1,15771;1,15750;1,15771;1;0
EUR/USD;20.04.2021 02:01:09.250;20.04.2021 02:01:09.500;1,15765;1,15786;1,15765;1,15786;1,15771;1,15792;1,15771;1,15792;1;0
EUR/USD;20.04.2021 02:01:09.500;20.04.2021 02:01:09.750;1,15786;1,15806;1,15786;1,15806;1,15792;1,15812;1,15792;1,15812;1;0
EUR/USD;20.04.2021 02:01:09.750;20.04.2021 02:01:10.000;1,15806;1,15827;1,15806;1,15827;1,15812;1,15833;1,15812;1,15833;1;0
EUR/USD;20.04.2021 02:01:10.000;20.04.2021 02:01:10.250;1,15827;1,15848;1,15827;1,15848;1,15833;1,15854;1,15833;1,15854;1;0
EUR/USD;20.04.2021 02:01:10.250;20.04.2021 02:01:10.500;1,15848;1,15869;1,15848;1,15869;1,15854;1,15875;1,15854;1,15875;1;0
EUR/USD;20.04.2021 02:01:10.500;20.04.2021 02:01:10.750;1,15869;1,15890;1,15869;1,15890;1,15875;1,15896;1,15875;1,15896;1;0
EUR/USD;20.04.2021 02:01:10.750;20.04.2021 02:01:11.000;1,15890;1,15911;1,15890;1,15911;1,15896;1,15917;1,15896;1,15917;1;0
EUR/USD;20.04.2021 02:01:11.000;20.04.2021 02:01:11.250;1,15911;1,15931;1,15911;1,15931;1,15917;1,15937;1,15917;1,15937;1;0
EUR/USD;20.04.2021 02:01:11.250;20.04.2021 02:01:11.500;1,15931;1,15952;1,15931;1,15952;1,15937;1,15958;1,15937;1,15958;1;0
EUR/USD;20.04.2021 02:01:11.500;20.04.2021 02:01:11.750;1,15952;1,15973;1,15952;1,15973;1,15958;1,15979;1,15958;1,15979;1;0
EUR/USD;20.04.2021 02:01:11.750;20.04.2021 02:01:12.000;1,15973;1,15994;1,15973;1,15994;1,15979;1,16000;1,15979;1,16000;1;0
EUR/USD;20.04.2021 02:01:12.000;20.04.2021 02:01:12.250;1,15994;1,16015;1,15994;1,16015;1,16000;1,16021;1,16000;1,16021;1;0
EUR/USD;20.04.2021 02:01:12.250;20.04.2021 02:01:12.500;1,16015;1,16036;1,16015;1,16036;1,16021;1,16042;1,16021;1,16042;1;0
EUR/USD;20.04.2021 02:01:12.500;20.04.2021 02:01:12.750;1,16036;1,16056;1,16036;1,16056;1,16042;1,16062;1,16042;1,16062;1;0
EUR/USD;20.04.2021 02:01:12.750;20.04.2021 02:01:13.000;1,16056;1,16077;1,16056;1,16077;1,16062;1,16083;1,16062;1,16083;1;0
EUR/USD;20.04.2021 02:01:13.000;20.04.2021 02:01:13.250;1,16077;1,16098;1,16077;1,16098;1,16083;1,16104;1,16083;1,16104;1;0
EUR/USD;20.04.2021 02:01:13.250;20.04.2021 02:01:13.500;1,16098;1,16119;1,16098;1,16119;1,16104;1,16125;1,16104;1,16125;1;0
EUR/USD;20.04.2021 02:01:13.500;20.04.2021 02:01:13.750;1,16119;1,16140;1,16119;1,16140;1,16125;1,16146;1,16125;1,16146;1;0
EUR/USD;20.04.2021 02:01:13.750;20.04.2021 02:01:14.000;1,16140;1,16161;1,16140;1,16161;1,16146;1,16167;1,16146;1,16167;1;0
EUR/USD;20.04.2021 02:01:14.000;20.04.2021 02:01:14.250;1,16161;1,16181;1,16161;1,16181;1,16167;1,16187;1,16167;1,16187;1;0
EUR/USD;20.04.2021 02:01:14.250;20.04.2021 02:01:14.500;1,16181;1,16202;1,16181;1,16202;1,16187;1,16208;1,16187;1,16208;1;0
EUR/USD;20.04.2021 02:01:14.500;20.04.2021 02:01:14.750;1,16202;1,16223;1,16202;1,16223;1,16208;1,16229;1,16208;1,16229;1;0
EUR/USD;20.04.2021 02:01:14.750;20.04.2021 02:01:15.000;1,16223;1,16244;1,16223;1,16244;1,16229;1,16250;1,16229;1,16250;1;0
EUR/USD;20.04.2021 02:01:15.000;20.04.2021 02:01:15.250;1,16244;1,16265;1,16244;1,16265;1,16250;1,16271;1,16250;1,16271;1;0
EUR/USD;20.04.2021 02:01:15.250;20.04.2021 02:01:15.500;1,16265;1,16286;1,16265;1,16286;1,16271;1,16292;1,16271;1,16292;1;0
EUR/USD;20.04.2021 02:01:15.500;20.04.2021 02:01:15.750;1,16286;1,16306;1,16286;1,16306;1,16292;1,16312;1,16292;1,16312;1;0
EUR/USD;20.04.2021 02:01:15.750;20.04.2021 02:01:16.000;1,16306;1,16327;1,16306;1,16327;1,16312;1,16333;1,16312;1,16333;1;0
EUR/USD;20.04.2021 02:01:16.000;20.04.2021 02:01:16.250;1,16327;1,16348;1,16327;1,16348;1,16333;1,16354;1,16333;1,16354;1;0
EUR/USD;20.04.2021 02:01:16.250;20.04.2021 02:01:16.500;1,16348;1,16369;1,16348;1,16369;1,16354;1,16375;1,16354;1,16375;1;0
EUR/USD;20.04.2021 02:01:16.500;20.04.2021 02:01:16.750;1,16369;1,16390;1,16369;1,16390;1,16375;1,16396;1,16375;1,16396;1;0
EUR/USD;20.04.2021 02:01:16.750;20.04.2021 02:01:17.000;1,16390;1,16411;1,16390;1,16411;1,16396;1,16417;1,16396;1,16417;1;0
EUR/USD;20.04.2021 02:01:17.000;20.04.2021 02:01:17.250;1,16411;1,16431;1,16411;1,16431;1,16417;1,16437;1,16417;1,16437;1;0
EUR/USD;20.04.2021 02:01:17.250;20.04.2021 02:01:17.500;1,16431;1,16452;1,16431;1,16452;1,16437;1,16458;1,16437;1,16458;1;0
EUR/USD;20.04.2021 02:01:17.500;20.04.2021 02:01:17.750;1,16452;1,16473;1,16452;1,16473;1,16458;1,16479;1,16458;1,16479;1;0
EUR/USD;20.04.2021 02:01:17.750;20.04.2021 02:01:18.000;1,16473;1,16494;1,16473;1,16494;1,16479;1,16500;1,16479;1,16500;1;0
EUR/USD;20.04.2021 02:01:18.000;20.04.2021 02:01:18.250;1,16494;1,16515;1,16494;1,16515;1,16500;1,16521;1,16500;1,16521;1;0
EUR/USD;20.04.2021 02:01:18.250;20.04.2021 02:01:18.500;1,16515;1,16536;1,16515;1,16536;1,16521;1,16542;1,16521;1,16542;1;0
EUR/USD;20.04.2021 02:01:18.500;20.04.2021 02:01:18.750;1,16536;1,16556;1,16536;1,16556;1,16542;1,16562;1,16542;1,16562;1;0
EUR/USD;20.04.2021 02:01:18.750;20.04.2021 02:01:19.000;1,16556;1,16577;1,16556;1,16577;1,16562;1,16583;1,16562;1,16583;1;0
EUR/USD;20.04.2021 02:01:19.000;20.04.2021 02:01:19.250;1,16577;1,16598;1,16577;1,16598;1,16583;1,16604;1,16583;1,16604;1;0
EUR/USD;20.04.2021 02:01:19.250;20.04.2021 02:01:19.500;1,16598;1,16619;1,16598;1,16619;1,16604;1,16625;1,16604;1,16625;1;0
EUR/USD;20.04.2021 02:01:19.500;20.04.2021 02:01:19.750;1,16619;1,16640;1,16619;1,16640;1,16625;1,16646;1,16625;1,16646;1;0
EUR/USD;20.04.2021 02:01:19.750;20.04.2021 02:01:20.000;1,16640;1,16661;1,16640;1,16661;1,16646;1,16667;1,16646;1,16667;1;0
EUR/USD;20.04.2021 02:01:20.000;20.04.2021 02:01:20.250;1,16661;1,16681;1,16661;1,16681;1,16667;1,16687;1,16667;1,16687;1;0
EUR/USD;20.04.2021 02:01:20.250;20.04.2021 02:01:20.500;1,16681;1,16702;1,16681;1,16702;1,16687;1,16708;1,16687;1,16708;1;0
EUR/USD;20.04.2021 02:01:20.500;20.04.2021 02:01:20.750;1,16702;1,16723;1,16702;1,16723;1,16708;1,16729;1,16708;1,16729;1;0
EUR/USD;20.04.2021 02:01:20.750;20.04.2021 02:01:21.000;1,16723;1,16744;1,16723;1,16744;1,16729;1,16750;1,16729;1,16750;1;0
EUR/USD;20.04.2021 02:01:21.000;20.04.2021 02:01:21.250;1,16744;1,16765;1,16744;1,16765;1,16750;1,16771;1,16750;1,16771;1;0
EUR/USD;20.04.2021 02:01:21.250;20.04.2021 02:01:21.500;1,16765;1,16786;1,16765;1,16786;1,16771;1,16792;1,16771;1,16792;1;0
EUR/USD;20.04.2021 02:01:21.500;20.04.2021 02:01:21.750;1,16786;1,16806;1,16786;1,16806;1,16792;1,16812;1,16792;1,16812;1;0
EUR/USD;20.04.2021 02:01:21.750;20.04.2021 02:01:22.000;1,16806;1,16827;1,16806;1,16827;1,16812;1,16833;1,16812;1,16833;1;0
EUR/USD;20.04.2021 02:01:22.000;20.04.2021 02:01:22.250;1,16827;1,16848;1,16827;1,16848;1,16833;1,16854;1,16833;1,16854;1;0
EUR/USD;20.04.2021 02:01:22.250;20.04.2021 02:01:22.500;1,16848;1,16869;1,16848;1,16869;1,16854;1,16875;1,16854;1,16875;1;0
EUR/USD;20.04.2021 02:01:22.500;20.04.2021 02:01:22.750;1,16869;1,16890;1,16869;1,16890;1,16875;1,16896;1,16875;1,16896;1;0
EUR/USD;20.04.2021 02:01:22.750;20.04.2021 02:01:23.000;1,16890;1,16911;1,16890;1,16911;1,16896;1,16917;1,16896;1,16917;1;0
EUR/USD;20.04.2021 02:01:23.000;20.04.2021 02:01:23.250;1,16911;1,16931;1,16911;1,16931;1,16917;1,16937;1,16917;1,16937;1;0
EUR/USD;20.04.2021 02:01:23.250;20.04.2021 02:01:23.500;1,16931;1,16952;1,16931;1,16952;1,16937;1,16958;1,16937;1,16958;1;0
EUR/USD;20.04.2021 02:01:23.500;20.04.2021 02:01:23.750;1,16952;1,16973;1,16952;1,16973;1,16958;1,16979;1,16958;1,16979;1;0
EUR/USD;20.04.2021 02:01:23.750;20.04.2021 02:01:24.000;1,16973;1,16994;1,16973;1,16994;1,16979;1,17000;1,16979;1,17000;1;0
EUR/USD;20.04.2021 02:01:24.000;20.04.2021 02:01:24.250;1,16994;1,17015;1,16994;1,17015;1,17000;1,17021;1,17000;1,17021;1;0
EUR/USD;20.04.2021 02:01:24.250;20.04.2021 02:01:24.500;1,17015;1,17036;1,17015;1,17036;1,17021;1,17042;1,17021;1,17042;1;0
EUR/USD;20.04.2021 02:01:24.500;20.04.2021 02:01:24.750;1,17036;1,17056;1,17036;1,17056;1,17042;1,17062;1,17042;1,17062;1;0
EUR/USD;20.04.2021 02:01:24.750;20.04.2021 02:01:25.000;1,17056;1,17077;1,17056;1,17077;1,17062;1,17083;1,17062;1,17083;1;0
EUR/USD;20.04.2021 02:01:25.000;20.04.2021 02:01:25.250;1,17077;1,17098;1,17077;1,17098;1,17083;1,17104;1,17083;1,17104;1;0
EUR/USD;20.04.2021 02:01:25.250;20.04.2021 02:01:25.500;1,17098;1,17119;1,17098;1,17119;1,17104;1,17125;1,17104;1,17125;1;0
EUR/USD;20.04.2021 02:01:25.500;20.04.2021 02:01:25.750;1,17119;1,17140;1,17119;1,17140;1,17125;1,17146;1,17125;1,17146;1;0
EUR/USD;20.04.2021 02:01:25.750;20.04.2021 02:01:26.000;1,17140;1,17161;1,17140;1,17161;1,17146;1,17167;1,17146;1,17167;1;0
EUR/USD;20.04.2021 02:01:26.000;20.04.2021 02:01:26.250;1,17161;1,17181;1,17161;1,17181;1,17167;1,17187;1,17167;1,17187;1;0
EUR/USD;20.04.2021 02:01:26.250;20.04.2021 02:01:26.500;1,17181;1,17202;1,17181;1,17202;1,17187;1,17208;1,17187;1,17208;1;0
EUR/USD;20.04.2021 02:01:26.500;20.04.2021 02:01:26.750;1,17202;1,17223;1,17202;1,17223;1,17208;1,17229;1,17208;1,17229;1;0
EUR/USD;20.04.2021 02:01:26.750;20.04.2021 02:01:27.000;1,17223;1,17244;1,17223;1,17244;1,17229;1,17250;1,17229;1,17250;1;0
EUR/USD;20.04.2021 02:01:27.000;20.04.2021 02:01:27.250;1,17244;1,17265;1,17244;1,17265;1,17250;1,17271;1,17250;1,17271;1;0
EUR/USD;20.04.2021 02:01:27.250;20.04.2021 02:01:27.500;1,17265;1,17286;1,17265;1,17286;1,17271;1,17292;1,17271;1,17292;1;0
EUR/USD;20.04.2021 02:01:27.500;20.04.2021 02:01:27.750;1,17286;1,17306;1,17286;1,17306;1,17292;1,17312;1,17292;1,17312;1;0
EUR/USD;20.04.2021 02:01:27.750;20.04.2021 02:01:28.000;1,17306;1,17327;1,17306;1,17327;1,17312;1,17333;1,17312;1,17333;1;0
EUR/USD;20.04.2021 02:01:28.000;20.04.2021 02:01:28.250;1,17327;1,17348;1,17327;1,17348;1,17333;1,17354;1,17333;1,17354;1;0
EUR/USD;20.04.2021 02:01:28.250;20.04.2021 02:01:28.500;1,17348;1,17369;1,17348;1,17369;1,17354;1,17375;1,17354;1,17375;1;0
EUR/USD;20.04.2021 02:01:28.500;20.04.2021 02:01:28.750;1,17369;1,17390;1,17369;1,17390;1,17375;1,17396;1,17375;1,17396;1;0
EUR/USD;20.04.2021 02:01:28.750;20.04.2021 02:01:29.000;1,17390;1,17411;1,17390;1,17411;1,17396;1,17417;1,17396;1,17417;1;0
EUR/USD;20.04.2021 02:01:29.000;20.04.2021 02:01:29.250;1,17411;1,17431;1,17411;1,17431;1,17417;1,17437;1,17417;1,17437;1;0
EUR/USD;20.04.2021 02:01:29.250;20.04.2021 02:01:29.500;1,17431;1,17452;1,17431;1,17452;1,17437;1,17458;1,17437;1,17458;1;0
EUR/USD;20.04.2021 02:01:29.500;20.04.2021 02:01:29.750;1,17452;1,17473;1,17452;1,17473;1,17458;1,17479;1,17458;1,17479;1;0
EUR/USD;20.04.2021 02:01:29.750;20.04.2021 02:01:30.000;1,17473;1,17494;1,17473;1,17494;1,17479;1,17500;1,17479;1,17500;1;0
EUR/USD;20.04.2021 02:01:30.000;20.04.2021 02:01:30.250;1,17494;1,17515;1,17494;1,17515;1,17500;1,17521;1,17500;1,17521;1;0
EUR/USD;20.04.2021 02:01:30.250;20.04.2021 02:01:30.500;1,17515;1,17536;1,17515;1,17536;1,17521;1,17542;1,17521;1,17542;1;0
EUR/USD;20.04.2021 02:01:30.500;20.04.2021 02:01:30.750;1,17536;1,17556;1,17536;1,17556;1,17542;1,17562;1,17542;1,17562;1;0
EUR/USD;20.04.2021 02:01:30.750;20.04.2021 02:01:31.000;1,17556;1,17577;1,17556;1,17577;1,17562;1,17583;1,17562;1,17583;1;0
EUR/USD;20.04.2021 02:01:31.000;20.04.2021 02:01:31.250;1,17577;1,17598;1,17577;1,17598;1,17583;1,17604;1,17583;1,17604;1;0
EUR/USD;20.04.2021 02:01:31.250;20.04.2021 02:01:31.500;1,17598;1,17619;1,17598;1,17619;1,17604;1,17625;1,17604;1,17625;1;0
EUR/USD;20.04.2021 02:01:31.500;20.04.2021 02:01:31.750;1,17619;1,17640;1,17619;1,17640;1,17625;1,17646;1,17625;1,17646;1;0
EUR/USD;20.04.2021 02:01:31.750;20.04.2021 02:01:32.000;1,17640;1,17661;1,17640;1,17661;1,17646;1,17667;1,17646;1,17667;1;0
EUR/USD;20.04.2021 02:01:32.000;20.04.2021 02:01:32.250;1,17661;1,17681;1,17661;1,17681;1,17667;1,17687;1,17667;1,17687;1;0
EUR/USD;20.04.2021 02:01:32.250;20.04.2021 02:01:32.500;1,17681;1,17702;1,17681;1,17702;1,17687;1,17708;1,17687;1,17708;1;0
EUR/USD;20.04.2021 02:01:32.500;20.04.2021 02:01:32.750;1,17702;1,17723;1,17702;1,17723;1,17708;1,17729;1,17708;1,17729;1;0
EUR/USD;20.04.2021 02:01:32.750;20.04.2021 02:01:33.000;1,17723;1,17744;1,17723;1,17744;1,17729;1,17750;1,17729;1,17750;1;0
EUR/USD;20.04.2021 02:01:33.000;20.04.2021 02:01:33.250;1,17744;1,17765;1,17744;1,17765;1,17750;1,17771;1,17750;1,17771;1;0
EUR/USD;20.04.2021 02:01:33.250;20.04.2021 02:01:33.500;1,17765;1,17786;1,17765;1,17786;1,17771;1,17792;1,17771;1,17792;1;0
EUR/USD;20.04.2021 02:01:33.500;20.04.2021 02:01:33.750;1,17786;1,17806;1,17786;1,17806;1,17792;1,17812;1,17792;1,17812;1;0
EUR/USD;20.04.2021 02:01:33.750;20.04.2021 02:01:34.000;1,17806;1,17827;1,17806;1,17827;1,17812;1,17833;1,17812;1,17833;1;0
EUR/USD;20.04.2021 02:01:34.000;20.04.2021 02:01:34.250;1,17827;1,17848;1,17827;1,17848;1,17833;1,17854;1,17833;1,17854;1;0
EUR/USD;20.04.2021 02:01:34.250;20.04.2021 02:01:34.500;1,17848;1,17869;1,17848;1,17869;1,17854;1,17875;1,17854;1,17875;1;0
EUR/USD;20.04.2021 02:01:34.500;20.04.2021 02:01:34.750;1,17869;1,17890;1,17869;1,17890;1,17875;1,17896;1,17875;1,17896;1;0
EUR/USD;20.04.2021 02:01:34.750;20.04.2021 02:01:35.000;1,17890;1,17911;1,17890;1,17911;1,17896;1,17917;1,17896;1,17917;1;0
EUR/USD;20.04.2021 02:01:35.000;20.04.2021 02:01:35.250;1,17911;1,17931;1,17911;1,17931;1,17917;1,17937;1,17917;1,17937;1;0
EUR/USD;20.04.2021 02:01:35.250;20.04.2021 02:01:35.500;1,17931;1,17952;1,17931;1,17952;1,17937;1,17958;1,17937;1,17958;1;0
EUR/USD;20.04.2021 02:01:35.500;20.04.2021 02:01:35.750;1,17952;1,17973;1,17952;1,17973;1,17958;1,17979;1,17958;1,17979;1;0
EUR/USD;20.04.2021 02:01:35.750;20.04.2021 02:01:36.000;1,17973;1,17994;1,17973;1,17994;1,17979;1,18000;1,17979;1,18000;1;0
EUR/USD;20.04.2021 02:01:36.000;20.04.2021 02:01:36.250;1,17994;1,18015;1,17994;1,18015;1,18000;1,18021;1,18000;1,18021;1;0
EUR/USD;20.04.2021 02:01:36.250;20.04.2021 02:01:36.500;1,18015;1,18036;1,18015;1,18036;1,18021;1,18042;1,18021;1,18042;1;0
EUR/USD;20.04.2021 02:01:36.500;20.04.2021 02:01:36.750;1,18036;1,18056;1,18036;1,18056;1,18042;1,18062;1,18042;1,18062;1;0
EUR/USD;20.04.2021 02:01:36.750;20.04.2021 02:01:37.000;1,18056;1,18077;1,18056;1,18077;1,18062;1,18083;1,18062;1,18083;1;0
EUR/USD;20.04.2021 02:01:37.000;20.04.2021 02:01:37.250;1,18077;1,18098;1,18077;1,18098;1,18083;1,18104;1,18083;1,18104;1;0
EUR/USD;20.04.2021 02:01:37.250;20.04.2021 02:01:37.500;1,18098;1,18119;1,18098;1,18119;1,18104;1,18125;1,18104;1,18125;1;0
EUR/USD;20.04.2021 02:01:37.500;20.04.2021 02:01:37.750;1,18119;1,18140;1,18119;1,18140;1,18125;1,18146;1,18125;1,18146;1;0
EUR/USD;20.04.2021 02:01:37.750;20.04.2021 02:01:38.000;1,18140;1,18161;1,18140;1,18161;1,18146;1,18167;1,18146;1,18167;1;0
EUR/USD;20.04.2021 02:01:38.000;20.04.2021 02:01:38.250;1,18161;1,18181;1,18161;1,18181;1,18167;1,18187;1,18167;1,18187;1;0
EUR/USD;20.04.2021 02:01:38.250;20.04.2021 02:01:38.500;1,18181;1,18202;1,18181;1,18202;1,18187;1,18208;1,18187;1,18208;1;0
EUR/USD;20.04.2021 02:01:38.500;20.04.2021 02:01:38.750;1,18202;1,18223;1,18202;1,18223;1,18208;1,18229;1,18208;1,18229;1;0
EUR/USD;20.04.2021 02:01:38.750;20.04.2021 02:01:39.000;1,18223;1,18244;1,18223;1,18244;1,18229;1,18250;1,18229;1,18250;1;0
EUR/USD;20.04.2021 02:01:39.000;20.04.2021 02:01:39.250;1,18244;1,18265;1,18244;1,18265;1,18250;1,18271;1,18250;1,18271;1;0
EUR/USD;20.04.2021 02:01:39.250;20.04.2021 02:01:39.500;1,18265;1,18286;1,18265;1,18286;1,18271;1,18292;1,18271;1,18292;1;0
EUR/USD;20.04.2021 02:01:39.500;20.04.2021 02:01:39.750;1,18286;1,18306;1,18286;1,18306;1,18292;1,18312;1,18292;1,18312;1;0
EUR/USD;20.04.2021 02:01:39.750;20.04.2021 02:01:40.000;1,18306;1,18327;1,18306;1,18327;1,18312;1,18333;1,18312;1,18333;1;0
EUR/USD;20.04.2021 02:01:40.000;20.04.2021 02:01:40.250;1,18327;1,18348;1,18327;1,18348;1,18333;1,18354;1,18333;1,18354;1;0
EUR/USD;20.04.2021 02:01:40.250;20.04.2021 02:01:40.500;1,18348;1,18369;1,18348;1,18369;1,18354;1,18375;1,18354;1,18375;1;0
EUR/USD;20.04.2021 02:01:40.500;20.04.2021 02:01:40.750;1,18369;1,18390;1,18369;1,18390;1,18375;1,18396;1,18375;1,18396;1;0
EUR/USD;20.04.2021 02:01:40.750;20.04.2021 02:01:41.000;1,18390;1,18411;1,18390;1,18411;1,18396;1,18417;1,18396;1,18417;1;0
EUR/USD;20.04.2021 02:01:41.000;20.04.2021 02:01:41.250;1,18411;1,18431;1,18411;1,18431;1,18417;1,18437;1,18417;1,18437;1;0
EUR/USD;20.04.2021 02:01:41.250;20.04.2021 02:01:41.500;1,18431;1,18452;1,18431;1,18452;1,18437;1,18458;1,18437;1,18458;1;0
EUR/USD;20.04.2021 02:01:41.500;20.04.2021 02:01:41.750;1,18452;1,18473;1,18452;1,18473;1,18458;1,18479;1,18458;1,18479;1;0
EUR/USD;20.04.2021 02:01:41.750;20.04.2021 02:01:42.000;1,18473;1,18494;1,18473;1,18494;1,18479;1,18500;1,18479;1,18500;1;0
EUR/USD;20.04.2021 02:01:42.000;20.04.2021 02:01:42.250;1,18494;1,18515;1,18494;1,18515;1,18500;1,18521;1,18500;1,18521;1;0
EUR/USD;20.04.2021 02:01:42.250;20.04.2021 02:01:42.500;1,18515;1,18536;1,18515;1,18536;1,18521;1,18542;1,18521;1,18542;1;0
EUR/USD;20.04.2021 02:01:42.500;20.04.2021 02:01:42.750;1,18536;1,18556;1,18536;1,18556;1,18542;1,18562;1,18542;1,18562;1;0
EUR/USD;20.04.2021 02:01:42.750;20.04.2021 02:01:43.000;1,18556;1,18577;1,18556;1,18577;1,18562;1,18583;1,18562;1,18583;1;0
EUR/USD;20.04.2021 02:01:43.000;20.04.2021 02:01:43.250;1,18577;1,18598;1,18577;1,18598;1,18583;1,18604;1,18583;1,18604;1;0
EUR/USD;20.04.2021 02:01:43.250;20.04.2021 02:01:43.500;1,18598;1,18619;1,18598;1,18619;1,18604;1,18625;1,18604;1,18625;1;0
EUR/USD;20.04.2021 02:01:43.500;20.04.2021 02:01:43.750;1,18619;1,18640;1,18619;1,18640;1,18625;1,18646;1,18625;1,18646;1;0
EUR/USD;20.04.2021 02:01:43.750;20.04.2021 02:01:44.000;1,18640;1,18661;1,18640;1,18661;1,18646;1,18667;1,18646;1,18667;1;0
EUR/USD;20.04.2021 02:01:44.000;20.04.2021 02:01:44.250;1,18661;1,18681;1,18661;1,18681;1,18667;1,18687;1,18667;1,18687;1;0
EUR/USD;20.04.2021 02:01:44.250;20.04.2021 02:01:44.500;1,18681;1,18702;1,18681;1,18702;1,18687;1,18708;1,18687;1,18708;1;0
EUR/USD;20.04.2021 02:01:44.500;20.04.2021 02:01:44.750;1,18702;1,18723;1,18702;1,18723;1,18708;1,18729;1,18708;1,18729;1;0
EUR/USD;20.04.2021 02:01:44.750;20.04.2021 02:01:45.000;1,18723;1,18744;1,18723;1,18744;1,18729;1,18750;1,18729;1,18750;1;0
EUR/USD;20.04.2021 02:01:45.000;20.04.2021 02:01:45.250;1,18744;1,18765;1,18744;1,18765;1,18750;1,18771;1,18750;1,18771;1;0
EUR/USD;20.04.2021 02:01:45.250;20.04.2021 02:01:45.500;1,18765;1,18786;1,18765;1,18786;1,18771;1,18792;1,18771;1,18792;1;0
EUR/USD;20.04.2021 02:01:45.500;20.04.2021 02:01:45.750;1,18786;1,18806;1,18786;1,18806;1,18792;1,18812;1,18792;1,18812;1;0
EUR/USD;20.04.2021 02:01:45.750;20.04.2021 02:01:46.000;1,18806;1,18827;1,18806;1,18827;1,18812;1,18833;1,18812;1,18833;1;0
EUR/USD;20.04.2021 02:01:46.000;20.04.2021 02:01:46.250;1,18827;1,18848;1,18827;1,18848;1,18833;1,18854;1,18833;1,18854;1;0
EUR/USD;20.04.2021 02:01:46.250;20.04.2021 02:01:46.500;1,18848;1,18869;1,18848;1,18869;1,18854;1,18875;1,18854;1,18875;1;0
EUR/USD;20.04.2021 02:01:46.500;20.04.2021 02:01:46.750;1,18869;1,18890;1,18869;1,18890;1,18875;1,18896;1,18875;1,18896;1;0
EUR/USD;20.04.2021 02:01:46.750;20.04.2021 02:01:47.000;1,18890;1,18911;1,18890;1,18911;1,18896;1,18917;1,18896;1,18917;1;0
EUR/USD;20.04.2021 02:01:47.000;20.04.2021 02:01:47.250;1,18911;1,18931;1,18911;1,18931;1,18917;1,18937;1,18917;1,18937;1;0
EUR/USD;20.04.2021 02:01:47.250;20.04.2021 02:01:47.500;1,18931;1,18952;1,18931;1,18952;1,18937;1,18958;1,18937;1,18958;1;0
EUR/USD;20.04.2021 02:01:47.500;20.04.2021 02:01:47.750;1,18952;1,18973;1,18952;1,18973;1,18958;1,18979;1,18958;1,18979;1;0
EUR/USD;20.04.2021 02:01:47.750;20.04.2021 02:01:48.000;1,18973;1,18994;1,18973;1,18994;1,18979;1,19000;1,18979;1,19000;1;0
EUR/USD;20.04.2021 02:01:48.000;20.04.2021 02:01:48.250;1,18994;1,19015;1,18994;1,19015;1,19000;1,19021;1,19000;1,19021;1;0
EUR/USD;20.04.2021 02:01:48.250;20.04.2021 02:01:48.500;1,19015;1,19036;1,19015;1,19036;1,19021;1,19042;1,19021;1,19042;1;0
EUR/USD;20.04.2021 02:01:48.500;20.04.2021 02:01:48.750;1,19036;1,19056;1,19036;1,19056;1,19042;1,19062;1,19042;1,19062;1;0
EUR/USD;20.04.2021 02:01:48.750;20.04.2021 02:01:49.000;1,19056;1,19077;1,19056;1,19077;1,19062;1,19083;1,19062;1,19083;1;0
EUR/USD;20.04.2021 02:01:49.000;20.04.2021 02:01:49.250;1,19077;1,19098;1,19077;1,19098;1,19083;1,19104;1,19083;1,19104;1;0
EUR/USD;20.04.2021 02:01:49.250;20.04.2021 02:01:49.500;1,19098;1,19119;1,19098;1,19119;1,19104;1,19125;1,19104;1,19125;1;0
EUR/USD;20.04.2021 02:01:49.500;20.04.2021 02:01:49.750;1,19119;1,19140;1,19119;1,19140;1,19125;1,19146;1,19125;1,19146;1;0
EUR/USD;20.04.2021 02:01:49.750;20.04.2021 02:01:50.000;1,19140;1,19161;1,19140;1,19161;1,19146;1,19167;1,19146;1,19167;1;0
EUR/USD;20.04.2021 02:01:50.000;20.04.2021 02:01:50.250;1,19161;1,19181;1,19161;1,19181;1,19167;1,19187;1,19167;1,19187;1;0
EUR/USD;20.04.2021 02:01:50.250;20.04.2021 02:01:50.500;1,19181;1,19202;1,19181;1,19202;1,19187;1,19208;1,19187;1,19208;1;0
EUR/USD;20.04.2021 02:01:50.500;20.04.2021 02:01:50.750;1,19202;1,19223;1,19202;1,19223;1,19208;1,19229;1,19208;1,19229;1;0
EUR/USD;20.04.2021 02:01:50.750;20.04.2021 02:01:51.000;1,19223;1,19244;1,19223;1,19244;1,19229;1,19250;1,19229;1,19250;1;0
EUR/USD;20.04.2021 02:01:51.000;20.04.2021 02:01:51.250;1,19244;1,19265;1,19244;1,19265;1,19250;1,19271;1,19250;1,19271;1;0
EUR/USD;20.04.2021 02:01:51.250;20.04.2021 02:01:51.500;1,19265;1,19286;1,19265;1,19286;1,19271;1,19292;1,19271;1,19292;1;0
EUR/USD;20.04.2021 02:01:51.500;20.04.2021 02:01:51.750;1,19286;1,19306;1,19286;1,19306;1,19292;1,19312;1,19292;1,19312;1;0
EUR/USD;20.04.2021 02:01:51.750;20.04.2021 02:01:52.000;1,19306;1,19327;1,19306;1,19327;1,19312;1,19333;1,19312;1,19333;1;0
EUR/USD;20.04.2021 02:01:52.000;20.04.2021 02:01:52.250;1,19327;1,19348;1,19327;1,19348;1,19333;1,19354;1,19333;1,19354;1;0
EUR/USD;20.04.2021 02:01:52.250;20.04.2021 02:01:52.500;1,19348;1,19369;1,19348;1,19369;1,19354;1,19375;1,19354;1,19375;1;0
EUR/USD;20.04.2021 02:01:52.500;20.04.2021 02:01:52.750;1,19369;1,19390;1,19369;1,19390;1,19375;1,19396;1,19375;1,19396;1;0
EUR/USD;20.04.2021 02:01:52.750;20.04.2021 02:01:53.000;1,19390;1,19411;1,19390;1,19411;1,19396;1,19417;1,19396;1,19417;1;0
EUR/USD;20.04.2021 02:01:53.000;20.04.2021 02:01:53.250;1,19411;1,19431;1,19411;1,19431;1,19417;1,19437;1,19417;1,19437;1;0
EUR/USD;20.04.2021 02:01:53.250;20.04.2021 02:01:53.500;1,19431;1,19452;1,19431;1,19452;1,19437;1,19458;1,19437;1,19458;1;0
EUR/USD;20.04.2021 02:01:53.500;20.04.2021 02:01:53.750;1,19452;1,19473;1,19452;1,19473;1,19458;1,19479;1,19458;1,19479;1;0
EUR/USD;20.04.2021 02:01:53.750;20.04.2021 02:01:54.000;1,19473;1,19494;1,19473;1,19494;1,19479;1,19500;1,19479;1,19500;1;0
EUR/USD;20.04.2021 02:01:54.000;20.04.2021 02:01:54.250;1,19494;1,19515;1,19494;1,19515;1,19500;1,19521;1,19500;1,19521;1;0
EUR/USD;20.04.2021 02:01:54.250;20.04.2021 02:01:54.500;1,19515;1,19536;1,19515;1,19536;1,19521;1,19542;1,19521;1,19542;1;0
EUR/USD;20.04.2021 02:01:54.500;20.04.2021 02:01:54.750;1,19536;1,19556;1,19536;1,19556;1,19542;1,19562;1,19542;1,19562;1;0
EUR/USD;20.04.2021 02:01:54.750;20.04.2021 02:01:55.000;1,19556;1,19577;1,19556;1,19577;1,19562;1,19583;1,19562;1,19583;1;0
EUR/USD;20.04.2021 02:01:55.000;20.04.2021 02:01:55.250;1,19577;1,19598;1,19577;1,19598;1,19583;1,19604;1,19583;1,19604;1;0
EUR/USD;20.04.2021 02:01:55.250;20.04.2021 02:01:55.500;1,19598;1,19619;1,19598;1,19619;1,19604;1,19625;1,19604;1,19625;1;0
EUR/USD;20.04.2021 02:01:55.500;20.04.2021 02:01:55.750;1,19619;1,19640;1,19619;1,19640;1,19625;1,19646;1,19625;1,19646;1;0
EUR/USD;20.04.2021 02:01:55.750;20.04.2021 02:01:56.000;1,19640;1,19661;1,19640;1,19661;1,19646;1,19667;1,19646;1,19667;1;0
EUR/USD;20.04.2021 02:01:56.000;20.04.2021 02:01:56.250;1,19661;1,19681;1,19661;1,19681;1,19667;1,19687;1,19667;1,19687;1;0
EUR/USD;20.04.2021 02:01:56.250;20.04.2021 02:01:56.500;1,19681;1,19702;1,19681;1,19702;1,19687;1,19708;1,19687;1,19708;1;0
EUR/USD;20.04.2021 02:01:56.500;20.04.2021 02:01:56.750;1,19702;1,19723;1,19702;1,19723;1,19708;1,19729;1,19708;1,19729;1;0
EUR/USD;20.04.2021 02:01:56.750;20.04.2021 02:01:57.000;1,19723;1,19744;1,19723;1,19744;1,19729;1,19750;1,19729;1,19750;1;0
EUR/USD;20.04.2021 02:01:57.000;20.04.2021 02:01:57.250;1,19744;1,19765;1,19744;1,19765;1,19750;1,19771;1,19750;1,19771;1;0
EUR/USD;20.04.2021 02:01:57.250;20.04.2021 02:01:57.500;1,19765;1,19786;1,19765;1,19786;1,19771;1,19792;1,19771;1,19792;1;0
EUR/USD;20.04.2021 02:01:57.500;20.04.2021 02:01:57.750;1,19786;1,19806;1,19786;1,19806;1,19792;1,19812;1,19792;1,19812;1;0
EUR/USD;20.04.2021 02:01:57.750;20.04.2021 02:01:58.000;1,19806;1,19827;1,19806;1,19827;1,19812;1,19833;1,19812;1,19833;1;0
EUR/USD;20.04.2021 02:01:58.000;20.04.2021 02:01:58.250;1,19827;1,19848;1,19827;1,19848;1,19833;1,19854;1,19833;1,19854;1;0
EUR/USD;20.04.2021 02:01:58.250;20.04.2021 02:01:58.500;1,19848;1,19869;1,19848;1,19869;1,19854;1,19875;1,19854;1,19875;1;0
EUR/USD;20.04.2021 02:01:58.500;20.04.2021 02:01:58.750;1,19869;1,19890;1,19869;1,19890;1,19875;1,19896;1,19875;1,19896;1;0
EUR/USD;20.04.2021 02:01:58.750;20.04.2021 02:01:59.000;1,19890;1,19911;1,19890;1,19911;1,19896;1,19917;1,19896;1,19917;1;0
EUR/USD;20.04.2021 02:01:59.000;20.04.2021 02:01:59.250;1,19911;1,19931;1,19911;1,19931;1,19917;1,19937;1,19917;1,19937;1;0
EUR/USD;20.04.2021 02:01:59.250;20.04.2021 02:01:59.500;1,19931;1,19952;1,19931;1,19952;1,19937;1,19958;1,19937;1,19958;1;0
EUR/USD;20.04.2021 02:01:59.500;20.04.2021 02:01:59.750;1,19952;1,19973;1,19952;1,19973;1,19958;1,19979;1,19958;1,19979;1;0
EUR/USD;20.04.2021 02:01:59.750;20.04.2021 02:02:00.000;1,19973;1,19994;1,19973;1,19994;1,19979;1,20000;1,19979;1,20000;1;0
EUR/USD;20.04.2021 02:02:00.000;20.04.2021 02:02:00.250;1,19994;1,20036;1,19994;1,20036;1,20000;1,20042;1,20000;1,20042;1;0
EUR/USD;20.04.2021 02:02:00.250;20.04.2021 02:02:00.500;1,20036;1,20077;1,20036;1,20077;1,20042;1,20083;1,20042;1,20083;1;0
EUR/USD;20.04.2021 02:02:00.500;20.04.2021 02:02:00.750;1,20077;1,20119;1,20077;1,20119;1,20083;1,20125;1,20083;1,20125;1;0
EUR/USD;20.04.2021 02:02:00.750;20.04.2021 02:02:01.000;1,20119;1,20161;1,20119;1,20161;1,20125;1,20167;1,20125;1,20167;1;0
EUR/USD;20.04.2021 02:02:01.000;20.04.2021 02:02:01.250;1,20161;1,20202;1,20161;1,20202;1,20167;1,20208;1,20167;1,20208;1;0
EUR/USD;20.04.2021 02:02:01.250;20.04.2021 02:02:01.500;1,20202;1,20244;1,20202;1,20244;1,20208;1,20250;1,20208;1,20250;1;0
EUR/USD;20.04.2021 02:02:01.500;20.04.2021 02:02:01.750;1,20244;1,20286;1,20244;1,20286;1,20250;1,20292;1,20250;1,20292;1;0
EUR/USD;20.04.2021 02:02:01.750;20.04.2021 02:02:02.000;1,20286;1,20327;1,20286;1,20327;1,20292;1,20333;1,20292;1,20333;1;0
EUR/USD;20.04.2021 02:02:02.000;20.04.2021 02:02:02.250;1,20327;1,20369;1,20327;1,20369;1,20333;1,20375;1,20333;1,20375;1;0
EUR/USD;20.04.2021 02:02:02.250;20.04.2021 02:02:02.500;1,20369;1,20411;1,20369;1,20411;1,20375;1,20417;1,20375;1,20417;1;0
EUR/USD;20.04.2021 02:02:02.500;20.04.2021 02:02:02.750;1,20411;1,20452;1,20411;1,20452;1,20417;1,20458;1,20417;1,20458;1;0
EUR/USD;20.04.2021 02:02:02.750;20.04.2021 02:02:03.000;1,20452;1,20494;1,20452;1,20494;1,20458;1,20500;1,20458;1,20500;1;0
EUR/USD;20.04.2021 02:02:03.000;20.04.2021 02:02:03.250;1,20494;1,20536;1,20494;1,20536;1,20500;1,20542;1,20500;1,20542;1;0
EUR/USD;20.04.2021 02:02:03.250;20.04.2021 02:02:03.500;1,20536;1,20577;1,20536;1,20577;1,20542;1,20583;1,20542;1,20583;1;0
EUR/USD;20.04.2021 02:02:03.500;20.04.2021 02:02:03.750;1,20577;1,20619;1,20577;1,20619;1,20583;1,20625;1,20583;1,20625;1;0
EUR/USD;20.04.2021 02:02:03.750;20.04.2021 02:02:04.000;1,20619;1,20661;1,20619;1,20661;1,20625;1,20667;1,20625;1,20667;1;0
EUR/USD;20.04.2021 02:02:04.000;20.04.2021 02:02:04.250;1,20661;1,20702;1,20661;1,20702;1,20667;1,20708;1,20667;1,20708;1;0
EUR/USD;20.04.2021 02:02:04.250;20.04.2021 02:02:04.500;1,20702;1,20744;1,20702;1,20744;1,20708;1,20750;1,20708;1,20750;1;0
EUR/USD;20.04.2021 02:02:04.500;20.04.2021 02:02:04.750;1,20744;1,20786;1,20744;1,20786;1,20750;1,20792;1,20750;1,20792;1;0
EUR/USD;20.04.2021 02:02:04.750;20.04.2021 02:02:05.000;1,20786;1,20827;1,20786;1,20827;1,20792;1,20833;1,20792;1,20833;1;0
EUR/USD;20.04.2021 02:02:05.000;20.04.2021 02:02:05.250;1,20827;1,20869;1,20827;1,20869;1,20833;1,20875;1,20833;1,20875;1;0
EUR/USD;20.04.2021 02:02:05.250;20.04.2021 02:02:05.500;1,20869;1,20911;1,20869;1,20911;1,20875;1,20917;1,20875;1,20917;1;0
EUR/USD;20.04.2021 02:02:05.500;20.04.2021 02:02:05.750;1,20911;1,20952;1,20911;1,20952;1,20917;1,20958;1,20917;1,20958;1;0
EUR/USD;20.04.2021 02:02:05.750;20.04.2021 02:02:06.000;1,20952;1,20994;1,20952;1,20994;1,20958;1,21000;1,20958;1,21000;1;0
EUR/USD;20.04.2021 02:02:06.000;20.04.2021 02:02:06.250;1,20994;1,21036;1,20994;1,21036;1,21000;1,21042;1,21000;1,21042;1;0
EUR/USD;20.04.2021 02:02:06.250;20.04.2021 02:02:06.500;1,21036;1,21077;1,21036;1,21077;1,21042;1,21083;1,21042;1,21083;1;0
EUR/USD;20.04.2021 02:02:06.500;20.04.2021 02:02:06.750;1,21077;1,21119;1,21077;1,21119;1,21083;1,21125;1,21083;1,21125;1;0
EUR/USD;20.04.2021 02:02:06.750;20.04.2021 02:02:07.000;1,21119;1,21161;1,21119;1,21161;1,21125;1,21167;1,21125;1,21167;1;0
EUR/USD;20.04.2021 02:02:07.000;20.04.2021 02:02:07.250;1,21161;1,21202;1,21161;1,21202;1,21167;1,21208;1,21167;1,21208;1;0
EUR/USD;20.04.2021 02:02:07.250;20.04.2021 02:02:07.500;1,21202;1,21244;1,21202;1,21244;1,21208;1,21250;1,21208;1,21250;1;0
EUR/USD;20.04.2021 02:02:07.500;20.04.2021 02:02:07.750;1,21244;1,21286;1,21244;1,21286;1,21250;1,21292;1,21250;1,21292;1;0
EUR/USD;20.04.2021 02:02:07.750;20.04.2021 02:02:08.000;1,21286;1,21327;1,21286;1,21327;1,21292;1,21333;1,21292;1,21333;1;0
EUR/USD;20.04.2021 02:02:08.000;20.04.2021 02:02:08.250;1,21327;1,21369;1,21327;1,21369;1,21333;1,21375;1,21333;1,21375;1;0
EUR/USD;20.04.2021 02:02:08.250;20.04.2021 02:02:08.500;1,21369;1,21411;1,21369;1,21411;1,21375;1,21417;1,21375;1,21417;1;0
EUR/USD;20.04.2021 02:02:08.500;20.04.2021 02:02:08.750;1,21411;1,21452;1,21411;1,21452;1,21417;1,21458;1,21417;1,21458;1;0
EUR/USD;20.04.2021 02:02:08.750;20.04.2021 02:02:09.000;1,21452;1,21494;1,21452;1,21494;1,21458;1,21500;1,21458;1,21500;1;0
EUR/USD;20.04.2021 02:02:09.000;20.04.2021 02:02:09.250;1,21494;1,21536;1,21494;1,21536;1,21500;1,21542;1,21500;1,21542;1;0
EUR/USD;20.04.2021 02:02:09.250;20.04.2021 02:02:09.500;1,21536;1,21577;1,21536;1,21577;1,21542;1,21583;1,21542;1,21583;1;0
EUR/USD;20.04.2021 02:02:09.500;20.04.2021 02:02:09.750;1,21577;1,21619;1,21577;1,21619;1,21583;1,21625;1,21583;1,21625;1;0
EUR/USD;20.04.2021 02:02:09.750;20.04.2021 02:02:10.000;1,21619;1,21661;1,21619;1,21661;1,21625;1,21667;1,21625;1,21667;1;0
EUR/USD;20.04.2021 02:02:10.000;20.04.2021 02:02:10.250;1,21661;1,21702;1,21661;1,21702;1,21667;1,21708;1,21667;1,21708;1;0
EUR/USD;20.04.2021 02:02:10.250;20.04.2021 02:02:10.500;1,21702;1,21744;1,21702;1,21744;1,21708;1,21750;1,21708;1,21750;1;0
EUR/USD;20.04.2021 02:02:10.500;20.04.2021 02:02:10.750;1,21744;1,21786;1,21744;1,21786;1,21750;1,21792;1,21750;1,21792;1;0
EUR/USD;20.04.2021 02:02:10.750;20.04.2021 02:02:11.000;1,21786;1,21827;1,21786;1,21827;1,21792;1,21833;1,21792;1,21833;1;0
EUR/USD;20.04.2021 02:02:11.000;20.04.2021 02:02:11.250;1,21827;1,21869;1,21827;1,21869;1,21833;1,21875;1,21833;1,21875;1;0
EUR/USD;20.04.2021 02:02:11.250;20.04.2021 02:02:11.500;1,21869;1,21911;1,21869;1,21911;1,21875;1,21917;1,21875;1,21917;1;0
EUR/USD;20.04.2021 02:02:11.500;20.04.2021 02:02:11.750;1,21911;1,21952;1,21911;1,21952;1,21917;1,21958;1,21917;1,21958;1;0
EUR/USD;20.04.2021 02:02:11.750;20.04.2021 02:02:12.000;1,21952;1,21994;1,21952;1,21994;1,21958;1,22000;1,21958;1,22000;1;0
EUR/USD;20.04.2021 02:02:12.000;20.04.2021 02:02:12.250;1,21994;1,22036;1,21994;1,22036;1,22000;1,22042;1,22000;1,22042;1;0
EUR/USD;20.04.2021 02:02:12.250;20.04.2021 02:02:12.500;1,22036;1,22077;1,22036;1,22077;1,22042;1,22083;1,22042;1,22083;1;0
EUR/USD;20.04.2021 02:02:12.500;20.04.2021 02:02:12.750;1,22077;1,22119;1,22077;1,22119;1,22083;1,22125;1,22083;1,22125;1;0
EUR/USD;20.04.2021 02:02:12.750;20.04.2021 02:02:13.000;1,22119;1,22161;1,22119;1,22161;1,22125;1,22167;1,22125;1,22167;1;0
EUR/USD;20.04.2021 02:02:13.000;20.04.2021 02:02:13.250;1,22161;1,22202;1,22161;1,22202;1,22167;1,22208;1,22167;1,22208;1;0
EUR/USD;20.04.2021 02:02:13.250;20.04.2021 02:02:13.500;1,22202;1,22244;1,22202;1,22244;1,22208;1,22250;1,22208;1,22250;1;0
EUR/USD;20.04.2021 02:02:13.500;20.04.2021 02:02:13.750;1,22244;1,22286;1,22244;1,22286;1,22250;1,22292;1,22250;1,22292;1;0
EUR/USD;20.04.2021 02:02:13.750;20.04.2021 02:02:14.000;1,22286;1,22327;1,22286;1,22327;1,22292;1,22333;1,22292;1,22333;1;0
EUR/USD;20.04.2021 02:02:14.000;20.04.2021 02:02:14.250;1,22327;1,22369;1,22327;1,22369;1,22333;1,22375;1,22333;1,22375;1;0
EUR/USD;20.04.2021 02:02:14.250;20.04.2021 02:02:14.500;1,22369;1,22411;1,22369;1,22411;1,22375;1,22417;1,22375;1,22417;1;0
EUR/USD;20.04.2021 02:02:14.500;20.04.2021 02:02:14.750;1,22411;1,22452;1,22411;1,22452;1,22417;1,22458;1,22417;1,22458;1;0
EUR/USD;20.04.2021 02:02:14.750;20.04.2021 02:02:15.000;1,22452;1,22494;1,22452;1,22494;1,22458;1,22500;1,22458;1,22500;1;0
EUR/USD;20.04.2021 02:02:15.000;20.04.2021 02:02:15.250;1,22494;1,22536;1,22494;1,22536;1,22500;1,22542;1,22500;1,22542;1;0
EUR/USD;20.04.2021 02:02:15.250;20.04.2021 02:02:15.500;1,22536;1,22577;1,22536;1,22577;1,22542;1,22583;1,22542;1,22583;1;0
EUR/USD;20.04.2021 02:02:15.500;20.04.2021 02:02:15.750;1,22577;1,22619;1,22577;1,22619;1,22583;1,22625;1,22583;1,22625;1;0
EUR/USD;20.04.2021 02:02:15.750;20.04.2021 02:02:16.000;1,22619;1,22661;1,22619;1,22661;1,22625;1,22667;1,22625;1,22667;1;0
EUR/USD;20.04.2021 02:02:16.000;20.04.2021 02:02:16.250;1,22661;1,22702;1,22661;1,22702;1,22667;1,22708;1,22667;1,22708;1;0
EUR/USD;20.04.2021 02:02:16.250;20.04.2021 02:02:16.500;1,22702;1,22744;1,22702;1,22744;1,22708;1,22750;1,22708;1,22750;1;0
EUR/USD;20.04.2021 02:02:16.500;20.04.2021 02:02:16.750;1,22744;1,22786;1,22744;1,22786;1,22750;1,22792;1,22750;1,22792;1;0
EUR/USD;20.04.2021 02:02:16.750;20.04.2021 02:02:17.000;1,22786;1,22827;1,22786;1,22827;1,22792;1,22833;1,22792;1,22833;1;0
EUR/USD;20.04.2021 02:02:17.000;20.04.2021 02:02:17.250;1,22827;1,22869;1,22827;1,22869;1,22833;1,22875;1,22833;1,22875;1;0
EUR/USD;20.04.2021 02:02:17.250;20.04.2021 02:02:17.500;1,22869;1,22911;1,22869;1,22911;1,22875;1,22917;1,22875;1,22917;1;0
EUR/USD;20.04.2021 02:02:17.500;20.04.2021 02:02:17.750;1,22911;1,22952;1,22911;1,22952;1,22917;1,22958;1,22917;1,22958;1;0
EUR/USD;20.04.2021 02:02:17.750;20.04.2021 02:02:18.000;1,22952;1,22994;1,22952;1,22994;1,22958;1,23000;1,22958;1,23000;1;0
EUR/USD;20.04.2021 02:02:18.000;20.04.2021 02:02:18.250;1,22994;1,23036;1,22994;1,23036;1,23000;1,23042;1,23000;1,23042;1;0
EUR/USD;20.04.2021 02:02:18.250;20.04.2021 02:02:18.500;1,23036;1,23077;1,23036;1,23077;1,23042;1,23083;1,23042;1,23083;1;0
EUR/USD;20.04.2021 02:02:18.500;20.04.2021 02:02:18.750;1,23077;1,23119;1,23077;1,23119;1,23083;1,23125;1,23083;1,23125;1;0
EUR/USD;20.04.2021 02:02:18.750;20.04.2021 02:02:19.000;1,23119;1,23161;1,23119;1,23161;1,23125;1,23167;1,23125;1,23167;1;0
EUR/USD;20.04.2021 02:02:19.000;20.04.2021 02:02:19.250;1,23161;1,23202;1,23161;1,23202;1,23167;1,23208;1,23167;1,23208;1;0
EUR/USD;20.04.2021 02:02:19.250;20.04.2021 02:02:19.500;1,23202;1,23244;1,23202;1,23244;1,23208;1,23250;1,23208;1,23250;1;0
EUR/USD;20.04.2021 02:02:19.500;20.04.2021 02:02:19.750;1,23244;1,23286;1,23244;1,23286;1,23250;1,23292;1,23250;1,23292;1;0
EUR/USD;20.04.2021 02:02:19.750;20.04.2021 02:02:20.000;1,23286;1,23327;1,23286;1,23327;1,23292;1,23333;1,23292;1,23333;1;0
EUR/USD;20.04.2021 02:02:20.000;20.04.2021 02:02:20.250;1,23327;1,23369;1,23327;1,23369;1,23333;1,23375;1,23333;1,23375;1;0
EUR/USD;20.04.2021 02:02:20.250;20.04.2021 02:02:20.500;1,23369;1,23411;1,23369;1,23411;1,23375;1,23417;1,23375;1,23417;1;0
EUR/USD;20.04.2021 02:02:20.500;20.04.2021 02:02:20.750;1,23411;1,23452;1,23411;1,23452;1,23417;1,23458;1,23417;1,23458;1;0
EUR/USD;20.04.2021 02:02:20.750;20.04.2021 02:02:21.000;1,23452;1,23494;1,23452;1,23494;1,23458;1,23500;1,23458;1,23500;1;0
EUR/USD;20.04.2021 02:02:21.000;20.04.2021 02:02:21.250;1,23494;1,23536;1,23494;1,23536;1,23500;1,23542;1,23500;1,23542;1;0
EUR/USD;20.04.2021 02:02:21.250;20.04.2021 02:02:21.500;1,23536;1,23577;1,23536;1,23577;1,23542;1,23583;1,23542;1,23583;1;0
EUR/USD;20.04.2021 02:02:21.500;20.04.2021 02:02:21.750;1,23577;1,23619;1,23577;1,23619;1,23583;1,23625;1,23583;1,23625;1;0
EUR/USD;20.04.2021 02:02:21.750;20.04.2021 02:02:22.000;1,23619;1,23661;1,23619;1,23661;1,23625;1,23667;1,23625;1,23667;1;0
EUR/USD;20.04.2021 02:02:22.000;20.04.2021 02:02:22.250;1,23661;1,23702;1,23661;1,23702;1,23667;1,23708;1,23667;1,23708;1;0
EUR/USD;20.04.2021 02:02:22.250;20.04.2021 02:02:22.500;1,23702;1,23744;1,23702;1,23744;1,23708;1,23750;1,23708;1,23750;1;0
EUR/USD;20.04.2021 02:02:22.500;20.04.2021 02:02:22.750;1,23744;1,23786;1,23744;1,23786;1,23750;1,23792;1,23750;1,23792;1;0
EUR/USD;20.04.2021 02:02:22.750;20.04.2021 02:02:23.000;1,23786;1,23827;1,23786;1,23827;1,23792;1,23833;1,23792;1,23833;1;0
EUR/USD;20.04.2021 02:02:23.000;20.04.2021 02:02:23.250;1,23827;1,23869;1,23827;1,23869;1,23833;1,23875;1,23833;1,23875;1;0
EUR/USD;20.04.2021 02:02:23.250;20.04.2021 02:02:23.500;1,23869;1,23911;1,23869;1,23911;1,23875;1,23917;1,23875;1,23917;1;0
EUR/USD;20.04.2021 02:02:23.500;20.04.2021 02:02:23.750;1,23911;1,23952;1,23911;1,23952;1,23917;1,23958;1,23917;1,23958;1;0
EUR/USD;20.04.2021 02:02:23.750;20.04.2021 02:02:24.000;1,23952;1,23994;1,23952;1,23994;1,23958;1,24000;1,23958;1,24000;1;0
EUR/USD;20.04.2021 02:02:24.000;20.04.2021 02:02:24.250;1,23994;1,24036;1,23994;1,24036;1,24000;1,24042;1,24000;1,24042;1;0
EUR/USD;20.04.2021 02:02:24.250;20.04.2021 02:02:24.500;1,24036;1,24077;1,24036;1,24077;1,24042;1,24083;1,24042;1,24083;1;0
EUR/USD;20.04.2021 02:02:24.500;20.04.2021 02:02:24.750;1,24077;1,24119;1,24077;1,24119;1,24083;1,24125;1,24083;1,24125;1;0
EUR/USD;20.04.2021 02:02:24.750;20.04.2021 02:02:25.000;1,24119;1,24161;1,24119;1,24161;1,24125;1,24167;1,24125;1,24167;1;0
EUR/USD;20.04.2021 02:02:25.000;20.04.2021 02:02:25.250;1,24161;1,24202;1,24161;1,24202;1,24167;1,24208;1,24167;1,24208;1;0
EUR/USD;20.04.2021 02:02:25.250;20.04.2021 02:02:25.500;1,24202;1,24244;1,24202;1,24244;1,24208;1,24250;1,24208;1,24250;1;0
EUR/USD;20.04.2021 02:02:25.500;20.04.2021 02:02:25.750;1,24244;1,24286;1,24244;1,24286;1,24250;1,24292;1,24250;1,24292;1;0
EUR/USD;20.04.2021 02:02:25.750;20.04.2021 02:02:26.000;1,24286;1,24327;1,24286;1,24327;1,24292;1,24333;1,24292;1,24333;1;0
EUR/USD;20.04.2021 02:02:26.000;20.04.2021 02:02:26.250;1,24327;1,24369;1,24327;1,24369;1,24333;1,24375;1,24333;1,24375;1;0
EUR/USD;20.04.2021 02:02:26.250;20.04.2021 02:02:26.500;1,24369;1,24411;1,24369;1,24411;1,24375;1,24417;1,24375;1,24417;1;0
EUR/USD;20.04.2021 02:02:26.500;20.04.2021 02:02:26.750;1,24411;1,24452;1,24411;1,24452;1,24417;1,24458;1,24417;1,24458;1;0
EUR/USD;20.04.2021 02:02:26.750;20.04.2021 02:02:27.000;1,24452;1,24494;1,24452;1,24494;1,24458;1,24500;1,24458;1,24500;1;0
EUR/USD;20.04.2021 02:02:27.000;20.04.2021 02:02:27.250;1,24494;1,24536;1,24494;1,24536;1,24500;1,24542;1,24500;1,24542;1;0
EUR/USD;20.04.2021 02:02:27.250;20.04.2021 02:02:27.500;1,24536;1,24577;1,24536;1,24577;1,24542;1,24583;1,24542;1,24583;1;0
EUR/USD;20.04.2021 02:02:27.500;20.04.2021 02:02:27.750;1,24577;1,24619;1,24577;1,24619;1,24583;1,24625;1,24583;1,24625;1;0
EUR/USD;20.04.2021 02:02:27.750;20.04.2021 02:02:28.000;1,24619;1,24661;1,24619;1,24661;1,24625;1,24667;1,24625;1,24667;1;0
EUR/USD;20.04.2021 02:02:28.000;20.04.2021 02:02:28.250;1,24661;1,24702;1,24661;1,24702;1,24667;1,24708;1,24667;1,24708;1;0
EUR/USD;20.04.2021 02:02:28.250;20.04.2021 02:02:28.500;1,24702;1,24744;1,24702;1,24744;1,24708;1,24750;1,24708;1,24750;1;0
EUR/USD;20.04.2021 02:02:28.500;20.04.2021 02:02:28.750;1,24744;1,24786;1,24744;1,24786;1,24750;1,24792;1,24750;1,24792;1;0
EUR/USD;20.04.2021 02:02:28.750;20.04.2021 02:02:29.000;1,24786;1,24827;1,24786;1,24827;1,24792;1,24833;1,24792;1,24833;1;0
EUR/USD;20.04.2021 02:02:29.000;20.04.2021 02:02:29.250;1,24827;1,24869;1,24827;1,24869;1,24833;1,24875;1,24833;1,24875;1;0
EUR/USD;20.04.2021 02:02:29.250;20.04.2021 02:02:29.500;1,24869;1,24911;1,24869;1,24911;1,24875;1,24917;1,24875;1,24917;1;0
EUR/USD;20.04.2021 02:02:29.500;20.04.2021 02:02:29.750;1,24911;1,24952;1,24911;1,24952;1,24917;1,24958;1,24917;1,24958;1;0
EUR/USD;20.04.2021 02:02:29.750;20.04.2021 02:02:30.000;1,24952;1,24994;1,24952;1,24994;1,24958;1,25000;1,24958;1,25000;1;0
EUR/USD;20.04.2021 02:02:30.000;20.04.2021 02:02:30.250;1,24994;1,25036;1,24994;1,25036;1,25000;1,25042;1,25000;1,25042;1;0
EUR/USD;20.04.2021 02:02:30.250;20.04.2021 02:02:30.500;1,25036;1,25077;1,25036;1,25077;1,25042;1,25083;1,25042;1,25083;1;0
EUR/USD;20.04.2021 02:02:30.500;20.04.2021 02:02:30.750;1,25077;1,25119;1,25077;1,25119;1,25083;1,25125;1,25083;1,25125;1;0
EUR/USD;20.04.2021 02:02:30.750;20.04.2021 02:02:31.000;1,25119;1,25161;1,25119;1,25161;1,25125;1,25167;1,25125;1,25167;1;0
EUR/USD;20.04.2021 02:02:31.000;20.04.2021 02:02:31.250;1,25161;1,25202;1,25161;1,25202;1,25167;1,25208;1,25167;1,25208;1;0
EUR/USD;20.04.2021 02:02:31.250;20.04.2021 02:02:31.500;1,25202;1,25244;1,25202;1,25244;1,25208;1,25250;1,25208;1,25250;1;0
EUR/USD;20.04.2021 02:02:31.500;20.04.2021 02:02:31.750;1,25244;1,25286;1,25244;1,25286;1,25250;1,25292;1,25250;1,25292;1;0
EUR/USD;20.04.2021 02:02:31.750;20.04.2021 02:02:32.000;1,25286;1,25327;1,25286;1,25327;1,25292;1,25333;1,25292;1,25333;1;0
EUR/USD;20.04.2021 02:02:32.000;20.04.2021 02:02:32.250;1,25327;1,25369;1,25327;1,25369;1,25333;1,25375;1,25333;1,25375;1;0
EUR/USD;20.04.2021 02:02:32.250;20.04.2021 02:02:32.500;1,25369;1,25411;1,25369;1,25411;1,25375;1,25417;1,25375;1,25417;1;0
EUR/USD;20.04.2021 02:02:32.500;20.04.2021 02:02:32.750;1,25411;1,25452;1,25411;1,25452;1,25417;1,25458;1,25417;1,25458;1;0
EUR/USD;20.04.2021 02:02:32.750;20.04.2021 02:02:33.000;1,25452;1,25494;1,25452;1,25494;1,25458;1,25500;1,25458;1,25500;1;0
EUR/USD;20.04.2021 02:02:33.000;20.04.2021 02:02:33.250;1,25494;1,25536;1,25494;1,25536;1,25500;1,25542;1,25500;1,25542;1;0
EUR/USD;20.04.2021 02:02:33.250;20.04.2021 02:02:33.500;1,25536;1,25577;1,25536;1,25577;1,25542;1,25583;1,25542;1,25583;1;0
EUR/USD;20.04.2021 02:02:33.500;20.04.2021 02:02:33.750;1,25577;1,25619;1,25577;1,25619;1,25583;1,25625;1,25583;1,25625;1;0
EUR/USD;20.04.2021 02:02:33.750;20.04.2021 02:02:34.000;1,25619;1,25661;1,25619;1,25661;1,25625;1,25667;1,25625;1,25667;1;0
EUR/USD;20.04.2021 02:02:34.000;20.04.2021 02:02:34.250;1,25661;1,25702;1,25661;1,25702;1,25667;1,25708;1,25667;1,25708;1;0
EUR/USD;20.04.2021 02:02:34.250;20.04.2021 02:02:34.500;1,25702;1,25744;1,25702;1,25744;1,25708;1,25750;1,25708;1,25750;1;0
EUR/USD;20.04.2021 02:02:34.500;20.04.2021 02:02:34.750;1,25744;1,25786;1,25744;1,25786;1,25750;1,25792;1,25750;1,25792;1;0
EUR/USD;20.04.2021 02:02:34.750;20.04.2021 02:02:35.000;1,25786;1,25827;1,25786;1,25827;1,25792;1,25833;1,25792;1,25833;1;0
EUR/USD;20.04.2021 02:02:35.000;20.04.2021 02:02:35.250;1,25827;1,25869;1,25827;1,25869;1,25833;1,25875;1,25833;1,25875;1;0
EUR/USD;20.04.2021 02:02:35.250;20.04.2021 02:02:35.500;1,25869;1,25911;1,25869;1,25911;1,25875;1,25917;1,25875;1,25917;1;0
EUR/USD;20.04.2021 02:02:35.500;20.04.2021 02:02:35.750;1,25911;1,25952;1,25911;1,25952;1,25917;1,25958;1,25917;1,25958;1;0
EUR/USD;20.04.2021 02:02:35.750;20.04.2021 02:02:36.000;1,25952;1,25994;1,25952;1,25994;1,25958;1,26000;1,25958;1,26000;1;0
EUR/USD;20.04.2021 02:02:36.000;20.04.2021 02:02:36.250;1,25994;1,26036;1,25994;1,26036;1,26000;1,26042;1,26000;1,26042;1;0
EUR/USD;20.04.2021 02:02:36.250;20.04.2021 02:02:36.500;1,26036;1,26077;1,26036;1,26077;1,26042;1,26083;1,26042;1,26083;1;0
EUR/USD;20.04.2021 02:02:36.500;20.04.2021 02:02:36.750;1,26077;1,26119;1,26077;1,26119;1,26083;1,26125;1,26083;1,26125;1;0
EUR/USD;20.04.2021 02:02:36.750;20.04.2021 02:02:37.000;1,26119;1,26161;1,26119;1,26161;1,26125;1,26167;1,26125;1,26167;1;0
EUR/USD;20.04.2021 02:02:37.000;20.04.2021 02:02:37.250;1,26161;1,26202;1,26161;1,26202;1,26167;1,26208;1,26167;1,26208;1;0
EUR/USD;20.04.2021 02:02:37.250;20.04.2021 02:02:37.500;1,26202;1,26244;1,26202;1,26244;1,26208;1,26250;1,26208;1,26250;1;0
EUR/USD;20.04.2021 02:02:37.500;20.04.2021 02:02:37.750;1,26244;1,26286;1,26244;1,26286;1,26250;1,26292;1,26250;1,26292;1;0
EUR/USD;20.04.2021 02:02:37.750;20.04.2021 02:02:38.000;1,26286;1,26327;1,26286;1,26327;1,26292;1,26333;1,26292;1,26333;1;0
EUR/USD;20.04.2021 02:02:38.000;20.04.2021 02:02:38.250;1,26327;1,26369;1,26327;1,26369;1,26333;1,26375;1,26333;1,26375;1;0
EUR/USD;20.04.2021 02:02:38.250;20.04.2021 02:02:38.500;1,26369;1,26411;1,26369;1,26411;1,26375;1,26417;1,26375;1,26417;1;0
EUR/USD;20.04.2021 02:02:38.500;20.04.2021 02:02:38.750;1,26411;1,26452;1,26411;1,26452;1,26417;1,26458;1,26417;1,26458;1;0
EUR/USD;20.04.2021 02:02:38.750;20.04.2021 02:02:39.000;1,26452;1,26494;1,26452;1,26494;1,26458;1,26500;1,26458;1,26500;1;0
EUR/USD;20.04.2021 02:02:39.000;20.04.2021 02:02:39.250;1,26494;1,26536;1,26494;1,26536;1,26500;1,26542;1,26500;1,26542;1;0
EUR/USD;20.04.2021 02:02:39.250;20.04.2021 02:02:39.500;1,26536;1,26577;1,26536;1,26577;1,26542;1,26583;1,26542;1,26583;1;0
EUR/USD;20.04.2021 02:02:39.500;20.04.2021 02:02:39.750;1,26577;1,26619;1,26577;1,26619;1,26583;1,26625;1,26583;1,26625;1;0
EUR/USD;20.04.2021 02:02:39.750;20.04.2021 02:02:40.000;1,26619;1,26661;1,26619;1,26661;1,26625;1,26667;1,26625;1,26667;1;0
EUR/USD;20.04.2021 02:02:40.000;20.04.2021 02:02:40.250;1,26661;1,26702;1,26661;1,26702;1,26667;1,26708;1,26667;1,26708;1;0
EUR/USD;20.04.2021 02:02:40.250;20.04.2021 02:02:40.500;1,26702;1,26744;1,26702;1,26744;1,26708;1,26750;1,26708;1,26750;1;0
EUR/USD;20.04.2021 02:02:40.500;20.04.2021 02:02:40.750;1,26744;1,26786;1,26744;1,26786;1,26750;1,26792;1,26750;1,26792;1;0
EUR/USD;20.04.2021 02:02:40.750;20.04.2021 02:02:41.000;1,26786;1,26827;1,26786;1,26827;1,26792;1,26833;1,26792;1,26833;1;0
EUR/USD;20.04.2021 02:02:41.000;20.04.2021 02:02:41.250;1,26827;1,26869;1,26827;1,26869;1,26833;1,26875;1,26833;1,26875;1;0
EUR/USD;20.04.2021 02:02:41.250;20.04.2021 02:02:41.500;1,26869;1,26911;1,26869;1,26911;1,26875;1,26917;1,26875;1,26917;1;0
EUR/USD;20.04.2021 02:02:41.500;20.04.2021 02:02:41.750;1,26911;1,26952;1,26911;1,26952;1,26917;1,26958;1,26917;1,26958;1;0
EUR/USD;20.04.2021 02:02:41.750;20.04.2021 02:02:42.000;1,26952;1,26994;1,26952;1,26994;1,26958;1,27000;1,26958;1,27000;1;0
EUR/USD;20.04.2021 02:02:42.000;20.04.2021 02:02:42.250;1,26994;1,27036;1,26994;1,27036;1,27000;1,27042;1,27000;1,27042;1;0
EUR/USD;20.04.2021 02:02:42.250;20.04.2021 02:02:42.500;1,27036;1,27077;1,27036;1,27077;1,27042;1,27083;1,27042;1,27083;1;0
EUR/USD;20.04.2021 02:02:42.500;20.04.2021 02:02:42.750;1,27077;1,27119;1,27077;1,27119;1,27083;1,27125;1,27083;1,27125;1;0
EUR/USD;20.04.2021 02:02:42.750;20.04.2021 02:02:43.000;1,27119;1,27161;1,27119;1,27161;1,27125;1,27167;1,27125;1,27167;1;0
EUR/USD;20.04.2021 02:02:43.000;20.04.2021 02:02:43.250;1,27161;1,27202;1,27161;1,27202;1,27167;1,27208;1,27167;1,27208;1;0
EUR/USD;20.04.2021 02:02:43.250;20.04.2021 02:02:43.500;1,27202;1,27244;1,27202;1,27244;1,27208;1,27250;1,27208;1,27250;1;0
EUR/USD;20.04.2021 02:02:43.500;20.04.2021 02:02:43.750;1,27244;1,27286;1,27244;1,27286;1,27250;1,27292;1,27250;1,27292;1;0
EUR/USD;20.04.2021 02:02:43.750;20.04.2021 02:02:44.000;1,27286;1,27327;1,27286;1,27327;1,27292;1,27333;1,27292;1,27333;1;0
EUR/USD;20.04.2021 02:02:44.000;20.04.2021 02:02:44.250;1,27327;1,27369;1,27327;1,27369;1,27333;1,27375;1,27333;1,27375;1;0
EUR/USD;20.04.2021 02:02:44.250;20.04.2021 02:02:44.500;1,27369;1,27411;1,27369;1,27411;1,27375;1,27417;1,27375;1,27417;1;0
EUR/USD;20.04.2021 02:02:44.500;20.04.2021 02:02:44.750;1,27411;1,27452;1,27411;1,27452;1,27417;1,27458;1,27417;1,27458;1;0
EUR/USD;20.04.2021 02:02:44.750;20.04.2021 02:02:45.000;1,27452;1,27494;1,27452;1,27494;1,27458;1,27500;1,27458;1,27500;1;0
EUR/USD;20.04.2021 02:02:45.000;20.04.2021 02:02:45.250;1,27494;1,27536;1,27494;1,27536;1,27500;1,27542;1,27500;1,27542;1;0
EUR/USD;20.04.2021 02:02:45.250;20.04.2021 02:02:45.500;1,27536;1,27577;1,27536;1,27577;1,27542;1,27583;1,27542;1,27583;1;0
EUR/USD;20.04.2021 02:02:45.500;20.04.2021 02:02:45.750;1,27577;1,27619;1,27577;1,27619;1,27583;1,27625;1,27583;1,27625;1;0
EUR/USD;20.04.2021 02:02:45.750;20.04.2021 02:02:46.000;1,27619;1,27661;1,27619;1,27661;1,27625;1,27667;1,27625;1,27667;1;0
EUR/USD;20.04.2021 02:02:46.000;20.04.2021 02:02:46.250;1,27661;1,27702;1,27661;1,27702;1,27667;1,27708;1,27667;1,27708;1;0
EUR/USD;20.04.2021 02:02:46.250;20.04.2021 02:02:46.500;1,27702;1,27744;1,27702;1,27744;1,27708;1,27750;1,27708;1,27750;1;0
EUR/USD;20.04.2021 02:02:46.500;20.04.2021 02:02:46.750;1,27744;1,27786;1,27744;1,27786;1,27750;1,27792;1,27750;1,27792;1;0
EUR/USD;20.04.2021 02:02:46.750;20.04.2021 02:02:47.000;1,27786;1,27827;1,27786;1,27827;1,27792;1,27833;1,27792;1,27833;1;0
EUR/USD;20.04.2021 02:02:47.000;20.04.2021 02:02:47.250;1,27827;1,27869;1,27827;1,27869;1,27833;1,27875;1,27833;1,27875;1;0
EUR/USD;20.04.2021 02:02:47.250;20.04.2021 02:02:47.500;1,27869;1,27911;1,27869;1,27911;1,27875;1,27917;1,27875;1,27917;1;0
EUR/USD;20.04.2021 02:02:47.500;20.04.2021 02:02:47.750;1,27911;1,27952;1,27911;1,27952;1,27917;1,27958;1,27917;1,27958;1;0
EUR/USD;20.04.2021 02:02:47.750;20.04.2021 02:02:48.000;1,27952;1,27994;1,27952;1,27994;1,27958;1,28000;1,27958;1,28000;1;0
EUR/USD;20.04.2021 02:02:48.000;20.04.2021 02:02:48.250;1,27994;1,28036;1,27994;1,28036;1,28000;1,28042;1,28000;1,28042;1;0
EUR/USD;20.04.2021 02:02:48.250;20.04.2021 02:02:48.500;1,28036;1,28077;1,28036;1,28077;1,28042;1,28083;1,28042;1,28083;1;0
EUR/USD;20.04.2021 02:02:48.500;20.04.2021 02:02:48.750;1,28077;1,28119;1,28077;1,28119;1,28083;1,28125;1,28083;1,28125;1;0
EUR/USD;20.04.2021 02:02:48.750;20.04.2021 02:02:49.000;1,28119;1,28161;1,28119;1,28161;1,28125;1,28167;1,28125;1,28167;1;0
EUR/USD;20.04.2021 02:02:49.000;20.04.2021 02:02:49.250;1,28161;1,28202;1,28161;1,28202;1,28167;1,28208;1,28167;1,28208;1;0
EUR/USD;20.04.2021 02:02:49.250;20.04.2021 02:02:49.500;1,28202;1,28244;1,28202;1,28244;1,28208;1,28250;1,28208;1,28250;1;0
EUR/USD;20.04.2021 02:02:49.500;20.04.2021 02:02:49.750;1,28244;1,28286;1,28244;1,28286;1,28250;1,28292;1,28250;1,28292;1;0
EUR/USD;20.04.2021 02:02:49.750;20.04.2021 02:02:50.000;1,28286;1,28327;1,28286;1,28327;1,28292;1,28333;1,28292;1,28333;1;0
EUR/USD;20.04.2021 02:02:50.000;20.04.2021 02:02:50.250;1,28327;1,28369;1,28327;1,28369;1,28333;1,28375;1,28333;1,28375;1;0
EUR/USD;20.04.2021 02:02:50.250;20.04.2021 02:02:50.500;1,28369;1,28411;1,28369;1,28411;1,28375;1,28417;1,28375;1,28417;1;0
EUR/USD;20.04.2021 02:02:50.500;20.04.2021 02:02:50.750;1,28411;1,28452;1,28411;1,28452;1,28417;1,28458;1,28417;1,28458;1;0
EUR/USD;20.04.2021 02:02:50.750;20.04.2021 02:02:51.000;1,28452;1,28494;1,28452;1,28494;1,28458;1,28500;1,28458;1,28500;1;0
EUR/USD;20.04.2021 02:02:51.000;20.04.2021 02:02:51.250;1,28494;1,28536;1,28494;1,28536;1,28500;1,28542;1,28500;1,28542;1;0
EUR/USD;20.04.2021 02:02:51.250;20.04.2021 02:02:51.500;1,28536;1,28577;1,28536;1,28577;1,28542;1,28583;1,28542;1,28583;1;0
EUR/USD;20.04.2021 02:02:51.500;20.04.2021 02:02:51.750;1,28577;1,28619;1,28577;1,28619;1,28583;1,28625;1,28583;1,28625;1;0
EUR/USD;20.04.2021 02:02:51.750;20.04.2021 02:02:52.000;1,28619;1,28661;1,28619;1,28661;1,28625;1,28667;1,28625;1,28667;1;0
EUR/USD;20.04.2021 02:02:52.000;20.04.2021 02:02:52.250;1,28661;1,28702;1,28661;1,28702;1,28667;1,28708;1,28667;1,28708;1;0
EUR/USD;20.04.2021 02:02:52.250;20.04.2021 02:02:52.500;1,28702;1,28744;1,28702;1,28744;1,28708;1,28750;1,28708;1,28750;1;0
EUR/USD;20.04.2021 02:02:52.500;20.04.2021 02:02:52.750;1,28744;1,28786;1,28744;1,28786;1,28750;1,28792;1,28750;1,28792;1;0
EUR/USD;20.04.2021 02:02:52.750;20.04.2021 02:02:53.000;1,28786;1,28827;1,28786;1,28827;1,28792;1,28833;1,28792;1,28833;1;0
EUR/USD;20.04.2021 02:02:53.000;20.04.2021 02:02:53.250;1,28827;1,28869;1,28827;1,28869;1,28833;1,28875;1,28833;1,28875;1;0
EUR/USD;20.04.2021 02:02:53.250;20.04.2021 02:02:53.500;1,28869;1,28911;1,28869;1,28911;1,28875;1,28917;1,28875;1,28917;1;0
EUR/USD;20.04.2021 02:02:53.500;20.04.2021 02:02:53.750;1,28911;1,28952;1,28911;1,28952;1,28917;1,28958;1,28917;1,28958;1;0
EUR/USD;20.04.2021 02:02:53.750;20.04.2021 02:02:54.000;1,28952;1,28994;1,28952;1,28994;1,28958;1,29000;1,28958;1,29000;1;0
EUR/USD;20.04.2021 02:02:54.000;20.04.2021 02:02:54.250;1,28994;1,29036;1,28994;1,29036;1,29000;1,29042;1,29000;1,29042;1;0
EUR/USD;20.04.2021 02:02:54.250;20.04.2021 02:02:54.500;1,29036;1,29077;1,29036;1,29077;1,29042;1,29083;1,29042;1,29083;1;0
EUR/USD;20.04.2021 02:02:54.500;20.04.2021 02:02:54.750;1,29077;1,29119;1,29077;1,29119;1,29083;1,29125;1,29083;1,29125;1;0
EUR/USD;20.04.2021 02:02:54.750;20.04.2021 02:02:55.000;1,29119;1,29161;1,29119;1,29161;1,29125;1,29167;1,29125;1,29167;1;0
EUR/USD;20.04.2021 02:02:55.000;20.04.2021 02:02:55.250;1,29161;1,29202;1,29161;1,29202;1,29167;1,29208;1,29167;1,29208;1;0
EUR/USD;20.04.2021 02:02:55.250;20.04.2021 02:02:55.500;1,29202;1,29244;1,29202;1,29244;1,29208;1,29250;1,29208;1,29250;1;0
EUR/USD;20.04.2021 02:02:55.500;20.04.2021 02:02:55.750;1,29244;1,29286;1,29244;1,29286;1,29250;1,29292;1,29250;1,29292;1;0
EUR/USD;20.04.2021 02:02:55.750;20.04.2021 02:02:56.000;1,29286;1,29327;1,29286;1,29327;1,29292;1,29333;1,29292;1,29333;1;0
EUR/USD;20.04.2021 02:02:56.000;20.04.2021 02:02:56.250;1,29327;1,29369;1,29327;1,29369;1,29333;1,29375;1,29333;1,29375;1;0
EUR/USD;20.04.2021 02:02:56.250;20.04.2021 02:02:56.500;1,29369;1,29411;1,29369;1,29411;1,29375;1,29417;1,29375;1,29417;1;0
EUR/USD;20.04.2021 02:02:56.500;20.04.2021 02:02:56.750;1,29411;1,29452;1,29411;1,29452;1,29417;1,29458;1,29417;1,29458;1;0
EUR/USD;20.04.2021 02:02:56.750;20.04.2021 02:02:57.000;1,29452;1,29494;1,29452;1,29494;1,29458;1,29500;1,29458;1,29500;1;0
EUR/USD;20.04.2021 02:02:57.000;20.04.2021 02:02:57.250;1,29494;1,29536;1,29494;1,29536;1,29500;1,29542;1,29500;1,29542;1;0
EUR/USD;20.04.2021 02:02:57.250;20.04.2021 02:02:57.500;1,29536;1,29577;1,29536;1,29577;1,29542;1,29583;1,29542;1,29583;1;0
EUR/USD;20.04.2021 02:02:57.500;20.04.2021 02:02:57.750;1,29577;1,29619;1,29577;1,29619;1,29583;1,29625;1,29583;1,29625;1;0
EUR/USD;20.04.2021 02:02:57.750;20.04.2021 02:02:58.000;1,29619;1,29661;1,29619;1,29661;1,29625;1,29667;1,29625;1,29667;1;0
EUR/USD;20.04.2021 02:02:58.000;20.04.2021 02:02:58.250;1,29661;1,29702;1,29661;1,29702;1,29667;1,29708;1,29667;1,29708;1;0
EUR/USD;20.04.2021 02:02:58.250;20.04.2021 02:02:58.500;1,29702;1,29744;1,29702;1,29744;1,29708;1,29750;1,29708;1,29750;1;0
EUR/USD;20.04.2021 02:02:58.500;20.04.2021 02:02:58.750;1,29744;1,29786;1,29744;1,29786;1,29750;1,29792;1,29750;1,29792;1;0
EUR/USD;20.04.2021 02:02:58.750;20.04.2021 02:02:59.000;1,29786;1,29827;1,29786;1,29827;1,29792;1,29833;1,29792;1,29833;1;0
EUR/USD;20.04.2021 02:02:59.000;20.04.2021 02:02:59.250;1,29827;1,29869;1,29827;1,29869;1,29833;1,29875;1,29833;1,29875;1;0
EUR/USD;20.04.2021 02:02:59.250;20.04.2021 02:02:59.500;1,29869;1,29911;1,29869;1,29911;1,29875;1,29917;1,29875;1,29917;1;0
EUR/USD;20.04.2021 02:02:59.500;20.04.2021 02:02:59.750;1,29911;1,29952;1,29911;1,29952;1,29917;1,29958;1,29917;1,29958;1;0
EUR/USD;20.04.2021 02:02:59.750;20.04.2021 02:03:00.000;1,29952;1,29994;1,29952;1,29994;1,29958;1,30000;1,29958;1,30000;1;0
